ID,Labels
00000,6
00001,1
00002,8
00003,6
00004,9
00005,3
00006,0
00007,2
00008,1
00009,5
00010,2
00011,0
00012,8
00013,8
00014,7
00015,0
00016,5
00017,8
00018,5
00019,8
00020,9
00021,7
00022,7
00023,0
00024,6
00025,7
00026,4
00027,9
00028,1
00029,3
00030,1
00031,3
00032,0
00033,3
00034,3
00035,7
00036,2
00037,4
00038,7
00039,4
00040,1
00041,6
00042,8
00043,9
00044,9
00045,9
00046,1
00047,7
00048,5
00049,3
00050,4
00051,6
00052,0
00053,1
00054,2
00055,1
00056,1
00057,7
00058,9
00059,3
00060,4
00061,2
00062,8
00063,1
00064,6
00065,3
00066,6
00067,0
00068,5
00069,9
00070,0
00071,6
00072,2
00073,5
00074,5
00075,0
00076,0
00077,9
00078,8
00079,5
00080,2
00081,3
00082,8
00083,4
00084,1
00085,3
00086,7
00087,6
00088,1
00089,3
00090,0
00091,3
00092,8
00093,5
00094,1
00095,6
00096,7
00097,8
00098,1
00099,5
00100,5
00101,5
00102,4
00103,2
00104,9
00105,0
00106,9
00107,9
00108,7
00109,9
00110,7
00111,3
00112,4
00113,8
00114,8
00115,4
00116,1
00117,5
00118,7
00119,1
00120,0
00121,6
00122,2
00123,8
00124,8
00125,9
00126,9
00127,2
00128,7
00129,0
00130,4
00131,0
00132,2
00133,4
00134,8
00135,1
00136,1
00137,4
00138,4
00139,3
00140,3
00141,0
00142,5
00143,5
00144,8
00145,2
00146,0
00147,1
00148,8
00149,6
00150,7
00151,3
00152,8
00153,6
00154,1
00155,6
00156,6
00157,5
00158,5
00159,0
00160,6
00161,8
00162,7
00163,2
00164,6
00165,0
00166,2
00167,0
00168,3
00169,9
00170,3
00171,8
00172,2
00173,7
00174,5
00175,2
00176,4
00177,1
00178,7
00179,9
00180,9
00181,2
00182,2
00183,5
00184,9
00185,3
00186,6
00187,9
00188,6
00189,1
00190,4
00191,9
00192,9
00193,3
00194,7
00195,0
00196,1
00197,1
00198,2
00199,6
00200,9
00201,5
00202,8
00203,1
00204,8
00205,1
00206,9
00207,7
00208,4
00209,8
00210,8
00211,5
00212,2
00213,0
00214,3
00215,3
00216,7
00217,7
00218,5
00219,7
00220,5
00221,8
00222,1
00223,8
00224,4
00225,7
00226,7
00227,5
00228,4
00229,9
00230,1
00231,0
00232,5
00233,2
00234,2
00235,6
00236,3
00237,3
00238,7
00239,8
00240,7
00241,0
00242,3
00243,8
00244,7
00245,3
00246,1
00247,5
00248,7
00249,8
00250,3
00251,6
00252,7
00253,5
00254,3
00255,5
00256,9
00257,5
00258,9
00259,1
00260,9
00261,4
00262,1
00263,3
00264,3
00265,7
00266,4
00267,8
00268,5
00269,9
00270,9
00271,6
00272,6
00273,1
00274,2
00275,5
00276,1
00277,6
00278,3
00279,0
00280,3
00281,9
00282,1
00283,0
00284,0
00285,0
00286,5
00287,5
00288,3
00289,5
00290,9
00291,8
00292,0
00293,0
00294,2
00295,8
00296,8
00297,5
00298,0
00299,8
00300,1
00301,4
00302,6
00303,0
00304,1
00305,8
00306,3
00307,8
00308,4
00309,8
00310,3
00311,7
00312,1
00313,7
00314,3
00315,3
00316,0
00317,5
00318,8
00319,9
00320,2
00321,6
00322,9
00323,7
00324,8
00325,6
00326,7
00327,2
00328,0
00329,4
00330,1
00331,7
00332,1
00333,1
00334,8
00335,0
00336,8
00337,1
00338,7
00339,3
00340,3
00341,5
00342,3
00343,1
00344,3
00345,5
00346,4
00347,7
00348,0
00349,3
00350,0
00351,6
00352,1
00353,7
00354,0
00355,5
00356,8
00357,0
00358,0
00359,2
00360,4
00361,5
00362,6
00363,3
00364,7
00365,1
00366,6
00367,9
00368,6
00369,7
00370,3
00371,5
00372,6
00373,5
00374,5
00375,8
00376,8
00377,1
00378,6
00379,1
00380,1
00381,3
00382,7
00383,9
00384,0
00385,3
00386,6
00387,3
00388,0
00389,3
00390,6
00391,5
00392,3
00393,9
00394,7
00395,1
00396,4
00397,8
00398,9
00399,1
00400,4
00401,6
00402,9
00403,6
00404,8
00405,9
00406,7
00407,4
00408,8
00409,7
00410,6
00411,6
00412,7
00413,7
00414,9
00415,9
00416,3
00417,7
00418,8
00419,5
00420,6
00421,6
00422,1
00423,8
00424,0
00425,5
00426,5
00427,9
00428,6
00429,5
00430,2
00431,6
00432,9
00433,7
00434,9
00435,9
00436,7
00437,5
00438,3
00439,1
00440,0
00441,7
00442,8
00443,5
00444,5
00445,6
00446,2
00447,9
00448,6
00449,5
00450,3
00451,8
00452,9
00453,0
00454,8
00455,7
00456,2
00457,0
00458,8
00459,3
00460,8
00461,3
00462,6
00463,7
00464,6
00465,5
00466,5
00467,6
00468,9
00469,8
00470,3
00471,2
00472,0
00473,0
00474,9
00475,0
00476,4
00477,4
00478,1
00479,2
00480,5
00481,8
00482,5
00483,6
00484,0
00485,1
00486,7
00487,8
00488,1
00489,5
00490,4
00491,0
00492,2
00493,5
00494,4
00495,5
00496,7
00497,1
00498,6
00499,2
00500,9
00501,1
00502,9
00503,9
00504,0
00505,6
00506,3
00507,8
00508,2
00509,8
00510,1
00511,5
00512,6
00513,6
00514,6
00515,6
00516,2
00517,7
00518,8
00519,6
00520,8
00521,0
00522,8
00523,2
00524,9
00525,8
00526,3
00527,3
00528,5
00529,0
00530,6
00531,9
00532,5
00533,4
00534,1
00535,6
00536,9
00537,9
00538,9
00539,4
00540,0
00541,8
00542,3
00543,6
00544,4
00545,7
00546,9
00547,1
00548,9
00549,2
00550,9
00551,1
00552,3
00553,9
00554,8
00555,8
00556,6
00557,7
00558,4
00559,5
00560,8
00561,2
00562,0
00563,8
00564,3
00565,7
00566,1
00567,3
00568,1
00569,7
00570,9
00571,3
00572,8
00573,6
00574,7
00575,0
00576,6
00577,2
00578,0
00579,0
00580,3
00581,7
00582,0
00583,4
00584,0
00585,7
00586,8
00587,8
00588,3
00589,6
00590,2
00591,5
00592,7
00593,9
00594,1
00595,1
00596,9
00597,3
00598,4
00599,8
00600,8
00601,2
00602,6
00603,7
00604,2
00605,0
00606,6
00607,5
00608,6
00609,5
00610,6
00611,4
00612,6
00613,4
00614,7
00615,0
00616,3
00617,5
00618,9
00619,6
00620,6
00621,6
00622,7
00623,1
00624,6
00625,2
00626,0
00627,2
00628,1
00629,8
00630,0
00631,8
00632,5
00633,9
00634,4
00635,3
00636,5
00637,8
00638,4
00639,5
00640,7
00641,2
00642,6
00643,6
00644,7
00645,1
00646,2
00647,9
00648,2
00649,0
00650,1
00651,4
00652,6
00653,1
00654,6
00655,2
00656,4
00657,0
00658,1
00659,8
00660,6
00661,9
00662,5
00663,5
00664,2
00665,7
00666,4
00667,7
00668,5
00669,6
00670,2
00671,6
00672,7
00673,6
00674,0
00675,1
00676,3
00677,0
00678,0
00679,2
00680,6
00681,7
00682,3
00683,0
00684,4
00685,8
00686,4
00687,8
00688,7
00689,9
00690,6
00691,6
00692,3
00693,3
00694,6
00695,5
00696,1
00697,5
00698,3
00699,9
00700,3
00701,8
00702,0
00703,5
00704,8
00705,2
00706,5
00707,2
00708,6
00709,2
00710,1
00711,5
00712,5
00713,5
00714,9
00715,1
00716,6
00717,1
00718,4
00719,5
00720,2
00721,7
00722,8
00723,1
00724,4
00725,9
00726,8
00727,6
00728,9
00729,8
00730,8
00731,1
00732,3
00733,2
00734,1
00735,0
00736,5
00737,1
00738,6
00739,9
00740,0
00741,8
00742,3
00743,6
00744,2
00745,1
00746,9
00747,1
00748,1
00749,9
00750,8
00751,6
00752,2
00753,8
00754,3
00755,6
00756,6
00757,8
00758,9
00759,9
00760,2
00761,4
00762,1
00763,9
00764,6
00765,8
00766,3
00767,8
00768,7
00769,3
00770,3
00771,7
00772,7
00773,0
00774,9
00775,9
00776,6
00777,6
00778,9
00779,2
00780,0
00781,8
00782,3
00783,3
00784,8
00785,9
00786,3
00787,1
00788,5
00789,1
00790,4
00791,5
00792,2
00793,0
00794,0
00795,9
00796,0
00797,1
00798,4
00799,2
00800,9
00801,6
00802,0
00803,6
00804,3
00805,7
00806,3
00807,7
00808,9
00809,1
00810,3
00811,8
00812,6
00813,3
00814,8
00815,1
00816,5
00817,0
00818,4
00819,8
00820,2
00821,4
00822,7
00823,5
00824,8
00825,3
00826,2
00827,5
00828,3
00829,8
00830,0
00831,0
00832,5
00833,7
00834,9
00835,2
00836,0
00837,1
00838,0
00839,3
00840,2
00841,4
00842,8
00843,3
00844,9
00845,0
00846,5
00847,2
00848,8
00849,6
00850,2
00851,3
00852,2
00853,7
00854,5
00855,5
00856,9
00857,1
00858,3
00859,6
00860,1
00861,2
00862,3
00863,0
00864,3
00865,7
00866,6
00867,7
00868,8
00869,4
00870,3
00871,2
00872,7
00873,1
00874,8
00875,5
00876,8
00877,8
00878,6
00879,5
00880,7
00881,1
00882,7
00883,2
00884,8
00885,3
00886,5
00887,9
00888,1
00889,0
00890,9
00891,5
00892,5
00893,7
00894,7
00895,3
00896,4
00897,3
00898,4
00899,8
00900,6
00901,3
00902,1
00903,2
00904,4
00905,4
00906,7
00907,9
00908,4
00909,5
00910,6
00911,0
00912,5
00913,9
00914,4
00915,0
00916,7
00917,3
00918,7
00919,5
00920,9
00921,2
00922,8
00923,7
00924,1
00925,8
00926,0
00927,0
00928,0
00929,2
00930,0
00931,4
00932,0
00933,9
00934,1
00935,6
00936,6
00937,7
00938,8
00939,7
00940,9
00941,9
00942,1
00943,1
00944,9
00945,1
00946,9
00947,5
00948,4
00949,5
00950,6
00951,9
00952,4
00953,9
00954,7
00955,4
00956,5
00957,8
00958,7
00959,7
00960,6
00961,0
00962,0
00963,5
00964,0
00965,0
00966,4
00967,0
00968,1
00969,3
00970,9
00971,5
00972,2
00973,8
00974,8
00975,0
00976,5
00977,3
00978,8
00979,3
00980,6
00981,1
00982,0
00983,4
00984,2
00985,8
00986,7
00987,2
00988,1
00989,3
00990,9
00991,7
00992,6
00993,7
00994,3
00995,2
00996,1
00997,5
00998,7
00999,7
01000,8
01001,6
01002,6
01003,4
01004,7
01005,9
01006,8
01007,5
01008,6
01009,1
01010,8
01011,7
01012,8
01013,6
01014,4
01015,1
01016,8
01017,1
01018,4
01019,3
01020,6
01021,9
01022,0
01023,3
01024,2
01025,3
01026,8
01027,3
01028,4
01029,6
01030,7
01031,1
01032,8
01033,3
01034,9
01035,0
01036,4
01037,0
01038,9
01039,0
01040,7
01041,8
01042,9
01043,4
01044,3
01045,3
01046,2
01047,4
01048,6
01049,8
01050,3
01051,4
01052,7
01053,5
01054,9
01055,1
01056,1
01057,0
01058,2
01059,0
01060,6
01061,0
01062,3
01063,0
01064,0
01065,5
01066,3
01067,5
01068,5
01069,9
01070,7
01071,1
01072,4
01073,8
01074,6
01075,2
01076,9
01077,6
01078,5
01079,6
01080,6
01081,1
01082,4
01083,8
01084,0
01085,9
01086,8
01087,1
01088,8
01089,2
01090,2
01091,7
01092,7
01093,9
01094,9
01095,0
01096,9
01097,6
01098,8
01099,4
01100,0
01101,3
01102,5
01103,8
01104,8
01105,0
01106,9
01107,7
01108,5
01109,8
01110,0
01111,7
01112,7
01113,4
01114,0
01115,7
01116,6
01117,5
01118,2
01119,0
01120,3
01121,6
01122,0
01123,3
01124,7
01125,2
01126,3
01127,2
01128,8
01129,3
01130,7
01131,7
01132,5
01133,0
01134,5
01135,9
01136,1
01137,7
01138,8
01139,9
01140,7
01141,4
01142,1
01143,3
01144,4
01145,9
01146,0
01147,8
01148,3
01149,7
01150,1
01151,7
01152,2
01153,4
01154,4
01155,2
01156,1
01157,5
01158,9
01159,9
01160,7
01161,0
01162,9
01163,7
01164,7
01165,5
01166,7
01167,8
01168,3
01169,0
01170,4
01171,7
01172,7
01173,2
01174,6
01175,9
01176,6
01177,5
01178,7
01179,6
01180,8
01181,4
01182,8
01183,8
01184,1
01185,3
01186,5
01187,3
01188,2
01189,0
01190,5
01191,0
01192,1
01193,9
01194,1
01195,1
01196,8
01197,8
01198,0
01199,2
01200,9
01201,1
01202,0
01203,1
01204,4
01205,5
01206,2
01207,9
01208,2
01209,7
01210,0
01211,0
01212,9
01213,8
01214,6
01215,5
01216,9
01217,8
01218,4
01219,8
01220,0
01221,7
01222,6
01223,4
01224,8
01225,7
01226,1
01227,7
01228,4
01229,6
01230,6
01231,8
01232,2
01233,7
01234,7
01235,3
01236,2
01237,2
01238,6
01239,0
01240,0
01241,9
01242,0
01243,9
01244,8
01245,3
01246,2
01247,1
01248,4
01249,6
01250,0
01251,2
01252,8
01253,7
01254,0
01255,6
01256,6
01257,8
01258,7
01259,2
01260,0
01261,9
01262,2
01263,7
01264,7
01265,2
01266,6
01267,5
01268,4
01269,3
01270,1
01271,1
01272,4
01273,2
01274,5
01275,6
01276,3
01277,9
01278,0
01279,0
01280,4
01281,7
01282,0
01283,7
01284,5
01285,3
01286,3
01287,2
01288,2
01289,5
01290,3
01291,0
01292,3
01293,8
01294,5
01295,1
01296,8
01297,0
01298,3
01299,2
01300,4
01301,4
01302,4
01303,3
01304,8
01305,8
01306,3
01307,7
01308,8
01309,9
01310,2
01311,8
01312,7
01313,8
01314,1
01315,6
01316,0
01317,4
01318,2
01319,3
01320,7
01321,6
01322,7
01323,4
01324,0
01325,2
01326,2
01327,6
01328,7
01329,4
01330,4
01331,4
01332,0
01333,3
01334,1
01335,3
01336,4
01337,7
01338,9
01339,7
01340,5
01341,7
01342,4
01343,9
01344,1
01345,1
01346,9
01347,8
01348,1
01349,9
01350,5
01351,0
01352,0
01353,1
01354,5
01355,8
01356,4
01357,2
01358,4
01359,6
01360,3
01361,7
01362,2
01363,2
01364,2
01365,9
01366,8
01367,3
01368,3
01369,4
01370,1
01371,2
01372,2
01373,8
01374,5
01375,4
01376,7
01377,0
01378,8
01379,8
01380,3
01381,6
01382,6
01383,1
01384,6
01385,5
01386,6
01387,0
01388,8
01389,0
01390,9
01391,4
01392,2
01393,2
01394,7
01395,1
01396,7
01397,9
01398,6
01399,3
01400,4
01401,2
01402,2
01403,3
01404,6
01405,0
01406,2
01407,6
01408,8
01409,9
01410,9
01411,7
01412,1
01413,4
01414,7
01415,9
01416,5
01417,2
01418,6
01419,3
01420,9
01421,5
01422,5
01423,0
01424,5
01425,9
01426,8
01427,9
01428,3
01429,4
01430,2
01431,0
01432,1
01433,9
01434,0
01435,0
01436,9
01437,1
01438,8
01439,5
01440,4
01441,1
01442,6
01443,4
01444,5
01445,1
01446,8
01447,0
01448,7
01449,2
01450,8
01451,8
01452,7
01453,5
01454,7
01455,4
01456,7
01457,1
01458,2
01459,4
01460,3
01461,4
01462,2
01463,4
01464,1
01465,4
01466,4
01467,3
01468,3
01469,7
01470,6
01471,6
01472,6
01473,1
01474,7
01475,3
01476,2
01477,3
01478,4
01479,8
01480,4
01481,9
01482,8
01483,4
01484,8
01485,2
01486,9
01487,9
01488,1
01489,6
01490,7
01491,9
01492,3
01493,1
01494,7
01495,7
01496,7
01497,3
01498,6
01499,0
01500,7
01501,3
01502,1
01503,5
01504,9
01505,4
01506,8
01507,2
01508,4
01509,6
01510,1
01511,0
01512,3
01513,6
01514,2
01515,2
01516,3
01517,0
01518,1
01519,4
01520,5
01521,7
01522,7
01523,8
01524,1
01525,6
01526,4
01527,9
01528,0
01529,2
01530,5
01531,5
01532,9
01533,2
01534,9
01535,1
01536,1
01537,2
01538,5
01539,9
01540,5
01541,2
01542,8
01543,5
01544,4
01545,6
01546,8
01547,4
01548,5
01549,4
01550,4
01551,6
01552,3
01553,5
01554,7
01555,4
01556,8
01557,9
01558,9
01559,1
01560,1
01561,7
01562,9
01563,6
01564,6
01565,6
01566,2
01567,6
01568,3
01569,1
01570,8
01571,3
01572,2
01573,7
01574,2
01575,4
01576,2
01577,6
01578,4
01579,3
01580,0
01581,9
01582,6
01583,3
01584,8
01585,1
01586,4
01587,3
01588,0
01589,1
01590,3
01591,9
01592,5
01593,0
01594,0
01595,0
01596,5
01597,5
01598,5
01599,8
01600,0
01601,5
01602,6
01603,7
01604,5
01605,0
01606,4
01607,7
01608,1
01609,7
01610,5
01611,4
01612,6
01613,2
01614,1
01615,7
01616,2
01617,7
01618,9
01619,3
01620,2
01621,9
01622,9
01623,4
01624,6
01625,3
01626,7
01627,4
01628,1
01629,4
01630,4
01631,5
01632,1
01633,5
01634,2
01635,1
01636,1
01637,0
01638,7
01639,3
01640,3
01641,5
01642,0
01643,5
01644,6
01645,2
01646,9
01647,1
01648,3
01649,8
01650,8
01651,7
01652,7
01653,7
01654,0
01655,6
01656,6
01657,5
01658,4
01659,9
01660,3
01661,3
01662,5
01663,1
01664,5
01665,3
01666,1
01667,7
01668,5
01669,7
01670,4
01671,5
01672,8
01673,9
01674,5
01675,7
01676,8
01677,9
01678,6
01679,3
01680,3
01681,1
01682,5
01683,1
01684,2
01685,8
01686,1
01687,1
01688,2
01689,9
01690,0
01691,3
01692,0
01693,6
01694,2
01695,6
01696,1
01697,0
01698,5
01699,5
01700,9
01701,1
01702,9
01703,8
01704,9
01705,4
01706,2
01707,9
01708,4
01709,3
01710,6
01711,4
01712,6
01713,0
01714,5
01715,0
01716,0
01717,7
01718,5
01719,0
01720,6
01721,4
01722,9
01723,4
01724,4
01725,8
01726,7
01727,4
01728,8
01729,4
01730,2
01731,3
01732,3
01733,3
01734,8
01735,6
01736,6
01737,7
01738,3
01739,3
01740,3
01741,4
01742,0
01743,9
01744,3
01745,2
01746,7
01747,7
01748,4
01749,4
01750,0
01751,0
01752,1
01753,3
01754,7
01755,1
01756,4
01757,7
01758,4
01759,4
01760,3
01761,8
01762,2
01763,4
01764,0
01765,8
01766,1
01767,2
01768,9
01769,3
01770,1
01771,5
01772,9
01773,0
01774,9
01775,7
01776,5
01777,0
01778,8
01779,2
01780,9
01781,6
01782,8
01783,3
01784,8
01785,9
01786,8
01787,3
01788,1
01789,8
01790,4
01791,2
01792,8
01793,0
01794,1
01795,2
01796,5
01797,9
01798,9
01799,5
01800,4
01801,4
01802,4
01803,3
01804,2
01805,3
01806,4
01807,0
01808,5
01809,2
01810,6
01811,7
01812,8
01813,4
01814,8
01815,1
01816,2
01817,6
01818,2
01819,6
01820,2
01821,7
01822,3
01823,5
01824,2
01825,7
01826,2
01827,5
01828,4
01829,3
01830,2
01831,6
01832,3
01833,9
01834,6
01835,4
01836,6
01837,0
01838,9
01839,7
01840,6
01841,4
01842,3
01843,8
01844,2
01845,4
01846,2
01847,1
01848,6
01849,2
01850,3
01851,7
01852,1
01853,7
01854,6
01855,2
01856,1
01857,0
01858,2
01859,8
01860,3
01861,6
01862,5
01863,3
01864,9
01865,7
01866,6
01867,5
01868,7
01869,5
01870,1
01871,9
01872,2
01873,6
01874,9
01875,6
01876,4
01877,6
01878,9
01879,8
01880,1
01881,3
01882,9
01883,5
01884,1
01885,5
01886,5
01887,3
01888,1
01889,3
01890,8
01891,8
01892,2
01893,2
01894,5
01895,3
01896,3
01897,5
01898,4
01899,1
01900,7
01901,5
01902,8
01903,9
01904,4
01905,6
01906,7
01907,3
01908,5
01909,5
01910,6
01911,2
01912,2
01913,5
01914,5
01915,9
01916,8
01917,9
01918,9
01919,7
01920,2
01921,5
01922,1
01923,5
01924,3
01925,6
01926,8
01927,4
01928,4
01929,0
01930,8
01931,0
01932,6
01933,6
01934,3
01935,0
01936,7
01937,2
01938,1
01939,5
01940,9
01941,8
01942,4
01943,4
01944,2
01945,4
01946,1
01947,2
01948,5
01949,3
01950,5
01951,0
01952,0
01953,1
01954,7
01955,5
01956,2
01957,0
01958,5
01959,3
01960,5
01961,3
01962,3
01963,9
01964,5
01965,1
01966,9
01967,3
01968,4
01969,3
01970,4
01971,2
01972,7
01973,4
01974,6
01975,4
01976,7
01977,9
01978,8
01979,5
01980,5
01981,9
01982,6
01983,1
01984,1
01985,1
01986,6
01987,3
01988,8
01989,9
01990,3
01991,0
01992,6
01993,6
01994,8
01995,3
01996,6
01997,1
01998,8
01999,5
02000,4
02001,2
02002,3
02003,9
02004,3
02005,7
02006,3
02007,9
02008,3
02009,6
02010,2
02011,8
02012,1
02013,1
02014,2
02015,0
02016,4
02017,8
02018,0
02019,8
02020,4
02021,4
02022,3
02023,4
02024,9
02025,1
02026,0
02027,2
02028,2
02029,3
02030,2
02031,9
02032,6
02033,0
02034,3
02035,7
02036,7
02037,9
02038,3
02039,5
02040,4
02041,0
02042,5
02043,5
02044,4
02045,8
02046,1
02047,5
02048,3
02049,3
02050,4
02051,9
02052,1
02053,5
02054,3
02055,4
02056,0
02057,8
02058,6
02059,6
02060,1
02061,9
02062,0
02063,1
02064,8
02065,2
02066,5
02067,0
02068,1
02069,6
02070,2
02071,8
02072,8
02073,5
02074,6
02075,1
02076,9
02077,9
02078,5
02079,1
02080,4
02081,8
02082,9
02083,4
02084,3
02085,1
02086,2
02087,3
02088,5
02089,8
02090,2
02091,9
02092,8
02093,8
02094,5
02095,1
02096,2
02097,5
02098,4
02099,0
02100,7
02101,8
02102,8
02103,2
02104,0
02105,3
02106,5
02107,1
02108,1
02109,8
02110,0
02111,1
02112,8
02113,2
02114,4
02115,3
02116,9
02117,7
02118,6
02119,4
02120,9
02121,0
02122,4
02123,4
02124,4
02125,1
02126,9
02127,0
02128,2
02129,3
02130,3
02131,6
02132,9
02133,0
02134,7
02135,7
02136,9
02137,0
02138,3
02139,6
02140,8
02141,3
02142,6
02143,0
02144,5
02145,9
02146,3
02147,1
02148,8
02149,5
02150,9
02151,3
02152,5
02153,8
02154,2
02155,8
02156,8
02157,7
02158,4
02159,3
02160,3
02161,3
02162,2
02163,5
02164,5
02165,8
02166,3
02167,0
02168,1
02169,5
02170,5
02171,8
02172,3
02173,3
02174,3
02175,4
02176,9
02177,6
02178,8
02179,1
02180,5
02181,0
02182,1
02183,4
02184,3
02185,8
02186,9
02187,2
02188,5
02189,8
02190,6
02191,6
02192,2
02193,8
02194,1
02195,6
02196,9
02197,2
02198,8
02199,7
02200,4
02201,2
02202,4
02203,5
02204,9
02205,5
02206,1
02207,4
02208,1
02209,2
02210,8
02211,7
02212,8
02213,5
02214,5
02215,0
02216,0
02217,1
02218,1
02219,7
02220,0
02221,5
02222,2
02223,3
02224,4
02225,2
02226,6
02227,1
02228,1
02229,7
02230,3
02231,4
02232,9
02233,1
02234,1
02235,8
02236,9
02237,1
02238,6
02239,0
02240,3
02241,1
02242,8
02243,8
02244,9
02245,7
02246,5
02247,8
02248,3
02249,7
02250,8
02251,2
02252,8
02253,3
02254,2
02255,5
02256,3
02257,4
02258,3
02259,5
02260,4
02261,3
02262,4
02263,8
02264,9
02265,4
02266,6
02267,6
02268,9
02269,6
02270,0
02271,5
02272,5
02273,2
02274,4
02275,3
02276,3
02277,9
02278,2
02279,9
02280,5
02281,5
02282,3
02283,6
02284,8
02285,5
02286,7
02287,1
02288,4
02289,5
02290,0
02291,0
02292,6
02293,1
02294,6
02295,5
02296,2
02297,9
02298,5
02299,7
02300,5
02301,3
02302,5
02303,9
02304,0
02305,5
02306,5
02307,5
02308,3
02309,9
02310,9
02311,6
02312,7
02313,1
02314,0
02315,4
02316,2
02317,8
02318,0
02319,6
02320,5
02321,7
02322,1
02323,3
02324,7
02325,6
02326,9
02327,7
02328,8
02329,1
02330,6
02331,0
02332,5
02333,5
02334,0
02335,5
02336,4
02337,7
02338,8
02339,0
02340,9
02341,1
02342,5
02343,6
02344,9
02345,2
02346,8
02347,5
02348,1
02349,3
02350,0
02351,4
02352,2
02353,4
02354,9
02355,3
02356,7
02357,0
02358,6
02359,8
02360,1
02361,4
02362,4
02363,5
02364,8
02365,2
02366,2
02367,0
02368,3
02369,8
02370,2
02371,1
02372,9
02373,8
02374,9
02375,8
02376,5
02377,5
02378,3
02379,6
02380,5
02381,7
02382,1
02383,1
02384,4
02385,9
02386,2
02387,0
02388,9
02389,4
02390,7
02391,8
02392,8
02393,9
02394,8
02395,3
02396,7
02397,6
02398,7
02399,3
02400,3
02401,4
02402,6
02403,1
02404,6
02405,0
02406,4
02407,3
02408,7
02409,9
02410,8
02411,2
02412,1
02413,7
02414,3
02415,0
02416,2
02417,4
02418,8
02419,2
02420,4
02421,7
02422,9
02423,6
02424,7
02425,6
02426,8
02427,4
02428,1
02429,3
02430,2
02431,8
02432,7
02433,0
02434,5
02435,6
02436,1
02437,0
02438,3
02439,6
02440,1
02441,1
02442,3
02443,8
02444,1
02445,6
02446,8
02447,9
02448,7
02449,4
02450,5
02451,3
02452,1
02453,7
02454,4
02455,0
02456,7
02457,8
02458,9
02459,2
02460,0
02461,6
02462,3
02463,6
02464,6
02465,6
02466,3
02467,3
02468,0
02469,9
02470,0
02471,5
02472,3
02473,8
02474,0
02475,9
02476,5
02477,0
02478,0
02479,5
02480,8
02481,2
02482,1
02483,7
02484,1
02485,3
02486,0
02487,3
02488,7
02489,1
02490,0
02491,3
02492,3
02493,9
02494,3
02495,4
02496,8
02497,7
02498,5
02499,1
02500,7
02501,4
02502,0
02503,5
02504,6
02505,2
02506,9
02507,5
02508,0
02509,6
02510,8
02511,8
02512,3
02513,0
02514,8
02515,3
02516,2
02517,8
02518,6
02519,2
02520,8
02521,0
02522,1
02523,8
02524,2
02525,8
02526,0
02527,9
02528,6
02529,1
02530,1
02531,2
02532,5
02533,7
02534,0
02535,4
02536,2
02537,9
02538,6
02539,8
02540,6
02541,2
02542,5
02543,7
02544,2
02545,8
02546,8
02547,2
02548,1
02549,6
02550,3
02551,8
02552,1
02553,5
02554,3
02555,8
02556,1
02557,1
02558,3
02559,6
02560,9
02561,3
02562,1
02563,5
02564,8
02565,6
02566,4
02567,9
02568,7
02569,0
02570,3
02571,0
02572,7
02573,6
02574,7
02575,7
02576,4
02577,0
02578,8
02579,7
02580,1
02581,3
02582,0
02583,2
02584,3
02585,7
02586,0
02587,4
02588,3
02589,1
02590,5
02591,7
02592,9
02593,6
02594,2
02595,9
02596,2
02597,7
02598,3
02599,1
02600,0
02601,1
02602,1
02603,8
02604,5
02605,8
02606,0
02607,6
02608,3
02609,4
02610,9
02611,8
02612,6
02613,9
02614,1
02615,7
02616,3
02617,2
02618,1
02619,0
02620,1
02621,0
02622,1
02623,0
02624,5
02625,7
02626,5
02627,4
02628,7
02629,6
02630,8
02631,4
02632,5
02633,3
02634,7
02635,3
02636,8
02637,6
02638,1
02639,1
02640,1
02641,0
02642,0
02643,5
02644,3
02645,1
02646,3
02647,2
02648,6
02649,8
02650,5
02651,1
02652,2
02653,5
02654,2
02655,1
02656,3
02657,0
02658,5
02659,5
02660,5
02661,4
02662,0
02663,7
02664,3
02665,6
02666,2
02667,8
02668,1
02669,2
02670,8
02671,8
02672,3
02673,6
02674,3
02675,2
02676,1
02677,9
02678,5
02679,7
02680,5
02681,8
02682,2
02683,8
02684,5
02685,7
02686,3
02687,1
02688,3
02689,5
02690,2
02691,7
02692,2
02693,3
02694,8
02695,5
02696,2
02697,8
02698,3
02699,9
02700,4
02701,1
02702,6
02703,3
02704,9
02705,4
02706,3
02707,5
02708,8
02709,9
02710,6
02711,1
02712,8
02713,8
02714,0
02715,7
02716,9
02717,5
02718,0
02719,2
02720,9
02721,2
02722,7
02723,9
02724,7
02725,6
02726,8
02727,4
02728,1
02729,5
02730,0
02731,6
02732,7
02733,3
02734,4
02735,3
02736,4
02737,2
02738,1
02739,4
02740,6
02741,4
02742,0
02743,4
02744,8
02745,9
02746,3
02747,7
02748,6
02749,5
02750,5
02751,3
02752,1
02753,4
02754,8
02755,7
02756,4
02757,1
02758,9
02759,6
02760,1
02761,1
02762,5
02763,0
02764,1
02765,9
02766,7
02767,0
02768,0
02769,4
02770,9
02771,6
02772,0
02773,4
02774,7
02775,6
02776,6
02777,9
02778,7
02779,3
02780,7
02781,6
02782,8
02783,4
02784,8
02785,9
02786,6
02787,4
02788,6
02789,5
02790,8
02791,2
02792,7
02793,9
02794,4
02795,9
02796,3
02797,1
02798,3
02799,1
02800,6
02801,2
02802,7
02803,0
02804,7
02805,7
02806,9
02807,8
02808,6
02809,9
02810,2
02811,1
02812,8
02813,6
02814,3
02815,5
02816,6
02817,9
02818,0
02819,1
02820,3
02821,6
02822,3
02823,1
02824,3
02825,1
02826,9
02827,6
02828,5
02829,7
02830,9
02831,6
02832,8
02833,1
02834,5
02835,7
02836,1
02837,5
02838,4
02839,3
02840,0
02841,5
02842,3
02843,2
02844,5
02845,6
02846,7
02847,2
02848,1
02849,0
02850,4
02851,9
02852,1
02853,0
02854,0
02855,9
02856,9
02857,8
02858,8
02859,1
02860,1
02861,5
02862,0
02863,9
02864,8
02865,3
02866,9
02867,5
02868,1
02869,5
02870,3
02871,9
02872,3
02873,1
02874,8
02875,8
02876,0
02877,2
02878,5
02879,7
02880,0
02881,6
02882,5
02883,9
02884,6
02885,3
02886,7
02887,9
02888,1
02889,9
02890,6
02891,4
02892,7
02893,2
02894,0
02895,2
02896,9
02897,6
02898,0
02899,6
02900,7
02901,6
02902,7
02903,6
02904,3
02905,5
02906,2
02907,8
02908,4
02909,5
02910,1
02911,6
02912,1
02913,7
02914,8
02915,1
02916,2
02917,9
02918,5
02919,1
02920,9
02921,6
02922,8
02923,7
02924,1
02925,1
02926,1
02927,1
02928,1
02929,6
02930,9
02931,0
02932,9
02933,0
02934,9
02935,6
02936,7
02937,9
02938,3
02939,2
02940,1
02941,3
02942,7
02943,9
02944,4
02945,6
02946,9
02947,0
02948,2
02949,1
02950,0
02951,1
02952,3
02953,8
02954,2
02955,9
02956,7
02957,8
02958,8
02959,9
02960,4
02961,2
02962,1
02963,2
02964,6
02965,9
02966,1
02967,8
02968,8
02969,5
02970,9
02971,7
02972,0
02973,6
02974,1
02975,8
02976,3
02977,5
02978,2
02979,9
02980,6
02981,3
02982,0
02983,6
02984,0
02985,8
02986,4
02987,8
02988,8
02989,8
02990,1
02991,7
02992,3
02993,1
02994,7
02995,5
02996,0
02997,2
02998,3
02999,0
03000,4
03001,5
03002,4
03003,6
03004,4
03005,8
03006,8
03007,5
03008,1
03009,4
03010,6
03011,3
03012,7
03013,2
03014,1
03015,4
03016,5
03017,5
03018,5
03019,6
03020,7
03021,3
03022,5
03023,3
03024,0
03025,0
03026,7
03027,9
03028,1
03029,1
03030,0
03031,5
03032,7
03033,8
03034,3
03035,5
03036,4
03037,7
03038,7
03039,1
03040,7
03041,4
03042,0
03043,6
03044,6
03045,6
03046,3
03047,5
03048,2
03049,7
03050,7
03051,9
03052,5
03053,4
03054,4
03055,9
03056,6
03057,8
03058,6
03059,3
03060,0
03061,2
03062,2
03063,7
03064,1
03065,2
03066,3
03067,7
03068,2
03069,2
03070,4
03071,7
03072,7
03073,0
03074,8
03075,0
03076,7
03077,9
03078,6
03079,6
03080,1
03081,3
03082,0
03083,4
03084,7
03085,2
03086,9
03087,7
03088,5
03089,8
03090,2
03091,4
03092,1
03093,4
03094,2
03095,9
03096,4
03097,3
03098,6
03099,6
03100,5
03101,5
03102,5
03103,5
03104,8
03105,1
03106,4
03107,0
03108,5
03109,8
03110,5
03111,1
03112,4
03113,0
03114,8
03115,2
03116,5
03117,2
03118,4
03119,8
03120,2
03121,2
03122,8
03123,0
03124,0
03125,7
03126,3
03127,3
03128,7
03129,2
03130,1
03131,6
03132,7
03133,8
03134,0
03135,3
03136,1
03137,3
03138,1
03139,9
03140,6
03141,9
03142,7
03143,1
03144,6
03145,0
03146,7
03147,5
03148,7
03149,7
03150,2
03151,2
03152,7
03153,2
03154,7
03155,7
03156,0
03157,7
03158,4
03159,6
03160,1
03161,5
03162,4
03163,8
03164,4
03165,4
03166,5
03167,1
03168,4
03169,5
03170,7
03171,7
03172,9
03173,5
03174,8
03175,4
03176,9
03177,7
03178,9
03179,2
03180,4
03181,9
03182,2
03183,0
03184,8
03185,5
03186,9
03187,5
03188,0
03189,6
03190,1
03191,0
03192,8
03193,9
03194,4
03195,0
03196,5
03197,5
03198,1
03199,5
03200,1
03201,5
03202,0
03203,7
03204,2
03205,9
03206,3
03207,3
03208,0
03209,2
03210,6
03211,6
03212,1
03213,5
03214,8
03215,8
03216,5
03217,2
03218,0
03219,0
03220,9
03221,5
03222,5
03223,1
03224,3
03225,5
03226,6
03227,0
03228,3
03229,8
03230,0
03231,6
03232,3
03233,5
03234,9
03235,9
03236,1
03237,2
03238,9
03239,7
03240,4
03241,2
03242,1
03243,8
03244,9
03245,2
03246,8
03247,7
03248,9
03249,7
03250,5
03251,6
03252,9
03253,5
03254,7
03255,8
03256,7
03257,5
03258,8
03259,6
03260,4
03261,3
03262,3
03263,3
03264,6
03265,7
03266,5
03267,6
03268,9
03269,8
03270,1
03271,5
03272,2
03273,1
03274,9
03275,2
03276,3
03277,1
03278,2
03279,7
03280,3
03281,1
03282,5
03283,1
03284,9
03285,5
03286,4
03287,5
03288,2
03289,7
03290,5
03291,6
03292,5
03293,8
03294,4
03295,6
03296,9
03297,2
03298,0
03299,6
03300,5
03301,9
03302,3
03303,4
03304,3
03305,5
03306,6
03307,1
03308,0
03309,0
03310,8
03311,8
03312,9
03313,7
03314,9
03315,1
03316,8
03317,4
03318,1
03319,0
03320,9
03321,5
03322,7
03323,2
03324,8
03325,8
03326,4
03327,1
03328,7
03329,7
03330,7
03331,3
03332,3
03333,2
03334,3
03335,2
03336,4
03337,6
03338,0
03339,1
03340,6
03341,4
03342,7
03343,0
03344,8
03345,3
03346,2
03347,8
03348,2
03349,7
03350,5
03351,3
03352,4
03353,6
03354,3
03355,2
03356,4
03357,0
03358,8
03359,5
03360,0
03361,1
03362,5
03363,9
03364,5
03365,5
03366,2
03367,0
03368,7
03369,8
03370,2
03371,7
03372,7
03373,7
03374,2
03375,0
03376,7
03377,2
03378,1
03379,1
03380,2
03381,9
03382,9
03383,3
03384,7
03385,7
03386,9
03387,9
03388,9
03389,5
03390,9
03391,2
03392,1
03393,6
03394,2
03395,9
03396,6
03397,9
03398,2
03399,4
03400,5
03401,7
03402,4
03403,5
03404,8
03405,6
03406,7
03407,5
03408,6
03409,2
03410,4
03411,1
03412,8
03413,6
03414,6
03415,2
03416,7
03417,9
03418,2
03419,1
03420,2
03421,5
03422,3
03423,1
03424,0
03425,2
03426,1
03427,2
03428,3
03429,4
03430,0
03431,4
03432,0
03433,9
03434,4
03435,7
03436,9
03437,7
03438,9
03439,7
03440,7
03441,0
03442,0
03443,1
03444,3
03445,2
03446,8
03447,0
03448,3
03449,0
03450,3
03451,2
03452,3
03453,3
03454,3
03455,1
03456,0
03457,1
03458,8
03459,0
03460,3
03461,8
03462,3
03463,4
03464,1
03465,0
03466,7
03467,2
03468,2
03469,3
03470,9
03471,0
03472,8
03473,7
03474,8
03475,1
03476,5
03477,5
03478,1
03479,5
03480,3
03481,3
03482,7
03483,0
03484,3
03485,6
03486,9
03487,6
03488,7
03489,9
03490,5
03491,9
03492,5
03493,4
03494,4
03495,8
03496,7
03497,2
03498,1
03499,1
03500,1
03501,9
03502,7
03503,3
03504,0
03505,7
03506,3
03507,0
03508,0
03509,5
03510,1
03511,8
03512,1
03513,8
03514,6
03515,1
03516,2
03517,5
03518,5
03519,5
03520,2
03521,9
03522,1
03523,8
03524,7
03525,0
03526,1
03527,7
03528,7
03529,6
03530,2
03531,0
03532,4
03533,7
03534,3
03535,9
03536,7
03537,9
03538,4
03539,3
03540,0
03541,5
03542,7
03543,0
03544,0
03545,7
03546,4
03547,2
03548,9
03549,0
03550,7
03551,8
03552,2
03553,0
03554,6
03555,9
03556,6
03557,3
03558,6
03559,3
03560,3
03561,4
03562,5
03563,5
03564,2
03565,5
03566,7
03567,2
03568,2
03569,5
03570,4
03571,3
03572,8
03573,2
03574,5
03575,4
03576,7
03577,9
03578,1
03579,3
03580,2
03581,0
03582,0
03583,2
03584,9
03585,0
03586,4
03587,0
03588,7
03589,7
03590,4
03591,1
03592,3
03593,4
03594,9
03595,3
03596,1
03597,3
03598,6
03599,2
03600,7
03601,0
03602,7
03603,1
03604,4
03605,5
03606,9
03607,3
03608,8
03609,7
03610,7
03611,7
03612,3
03613,4
03614,9
03615,5
03616,9
03617,1
03618,1
03619,8
03620,9
03621,7
03622,5
03623,3
03624,2
03625,2
03626,9
03627,5
03628,6
03629,6
03630,3
03631,4
03632,9
03633,3
03634,2
03635,5
03636,2
03637,9
03638,3
03639,8
03640,6
03641,0
03642,6
03643,5
03644,8
03645,6
03646,8
03647,2
03648,4
03649,1
03650,0
03651,4
03652,1
03653,4
03654,3
03655,2
03656,2
03657,7
03658,9
03659,8
03660,3
03661,0
03662,7
03663,3
03664,9
03665,6
03666,1
03667,4
03668,3
03669,2
03670,2
03671,0
03672,1
03673,8
03674,5
03675,6
03676,8
03677,1
03678,7
03679,8
03680,4
03681,4
03682,2
03683,7
03684,1
03685,8
03686,3
03687,5
03688,3
03689,4
03690,8
03691,4
03692,0
03693,4
03694,0
03695,4
03696,6
03697,9
03698,2
03699,3
03700,1
03701,9
03702,4
03703,7
03704,6
03705,3
03706,6
03707,3
03708,2
03709,3
03710,8
03711,2
03712,5
03713,4
03714,1
03715,7
03716,0
03717,9
03718,4
03719,9
03720,3
03721,7
03722,8
03723,0
03724,4
03725,0
03726,3
03727,2
03728,1
03729,7
03730,0
03731,3
03732,5
03733,7
03734,4
03735,7
03736,1
03737,8
03738,3
03739,8
03740,9
03741,0
03742,7
03743,4
03744,8
03745,6
03746,3
03747,8
03748,5
03749,8
03750,0
03751,2
03752,3
03753,4
03754,4
03755,5
03756,7
03757,4
03758,6
03759,1
03760,9
03761,5
03762,0
03763,8
03764,5
03765,1
03766,9
03767,2
03768,7
03769,3
03770,5
03771,1
03772,6
03773,2
03774,0
03775,2
03776,8
03777,1
03778,0
03779,6
03780,6
03781,5
03782,2
03783,5
03784,3
03785,2
03786,7
03787,3
03788,0
03789,4
03790,8
03791,7
03792,4
03793,8
03794,7
03795,4
03796,1
03797,1
03798,1
03799,0
03800,8
03801,7
03802,9
03803,7
03804,2
03805,6
03806,0
03807,0
03808,7
03809,8
03810,4
03811,2
03812,4
03813,4
03814,4
03815,3
03816,7
03817,9
03818,4
03819,3
03820,8
03821,3
03822,2
03823,9
03824,0
03825,3
03826,0
03827,6
03828,3
03829,8
03830,6
03831,0
03832,2
03833,7
03834,2
03835,8
03836,1
03837,6
03838,2
03839,8
03840,4
03841,4
03842,2
03843,3
03844,9
03845,6
03846,9
03847,4
03848,6
03849,3
03850,5
03851,4
03852,3
03853,0
03854,8
03855,9
03856,3
03857,6
03858,0
03859,2
03860,6
03861,5
03862,1
03863,7
03864,4
03865,4
03866,3
03867,2
03868,1
03869,5
03870,9
03871,8
03872,6
03873,8
03874,1
03875,1
03876,6
03877,3
03878,4
03879,0
03880,3
03881,6
03882,9
03883,8
03884,1
03885,3
03886,3
03887,3
03888,5
03889,4
03890,6
03891,6
03892,8
03893,5
03894,4
03895,5
03896,7
03897,1
03898,8
03899,1
03900,4
03901,8
03902,1
03903,0
03904,6
03905,4
03906,7
03907,1
03908,2
03909,4
03910,2
03911,6
03912,9
03913,4
03914,8
03915,0
03916,9
03917,7
03918,5
03919,5
03920,9
03921,5
03922,4
03923,6
03924,6
03925,4
03926,9
03927,2
03928,6
03929,9
03930,0
03931,4
03932,6
03933,2
03934,8
03935,2
03936,2
03937,2
03938,8
03939,7
03940,3
03941,5
03942,7
03943,7
03944,7
03945,7
03946,0
03947,9
03948,9
03949,7
03950,6
03951,9
03952,6
03953,0
03954,7
03955,4
03956,9
03957,7
03958,7
03959,4
03960,6
03961,9
03962,4
03963,6
03964,1
03965,0
03966,1
03967,5
03968,6
03969,6
03970,1
03971,3
03972,4
03973,3
03974,1
03975,7
03976,8
03977,9
03978,1
03979,8
03980,5
03981,4
03982,6
03983,1
03984,3
03985,7
03986,3
03987,2
03988,9
03989,8
03990,9
03991,0
03992,7
03993,7
03994,9
03995,4
03996,6
03997,3
03998,4
03999,3
04000,2
04001,3
04002,2
04003,7
04004,1
04005,4
04006,5
04007,6
04008,0
04009,3
04010,3
04011,6
04012,6
04013,8
04014,2
04015,5
04016,8
04017,0
04018,6
04019,4
04020,3
04021,5
04022,3
04023,6
04024,3
04025,7
04026,0
04027,1
04028,2
04029,8
04030,7
04031,6
04032,6
04033,2
04034,9
04035,6
04036,7
04037,5
04038,3
04039,4
04040,2
04041,9
04042,1
04043,6
04044,3
04045,9
04046,4
04047,2
04048,8
04049,5
04050,3
04051,9
04052,3
04053,3
04054,7
04055,0
04056,9
04057,8
04058,9
04059,0
04060,4
04061,8
04062,0
04063,3
04064,1
04065,0
04066,9
04067,9
04068,7
04069,7
04070,1
04071,2
04072,2
04073,2
04074,5
04075,0
04076,6
04077,9
04078,5
04079,5
04080,3
04081,8
04082,3
04083,0
04084,1
04085,0
04086,9
04087,2
04088,8
04089,0
04090,5
04091,6
04092,8
04093,7
04094,9
04095,6
04096,2
04097,5
04098,0
04099,1
04100,3
04101,3
04102,5
04103,0
04104,2
04105,5
04106,1
04107,1
04108,4
04109,1
04110,7
04111,5
04112,6
04113,7
04114,8
04115,8
04116,0
04117,0
04118,7
04119,6
04120,9
04121,7
04122,6
04123,6
04124,8
04125,6
04126,1
04127,2
04128,3
04129,0
04130,1
04131,4
04132,5
04133,0
04134,7
04135,4
04136,8
04137,4
04138,5
04139,4
04140,7
04141,3
04142,2
04143,9
04144,5
04145,5
04146,7
04147,9
04148,6
04149,4
04150,0
04151,0
04152,9
04153,6
04154,9
04155,3
04156,5
04157,1
04158,3
04159,0
04160,6
04161,7
04162,6
04163,3
04164,2
04165,0
04166,4
04167,6
04168,6
04169,8
04170,0
04171,6
04172,6
04173,3
04174,9
04175,2
04176,3
04177,3
04178,1
04179,1
04180,9
04181,6
04182,9
04183,1
04184,3
04185,3
04186,8
04187,3
04188,7
04189,6
04190,8
04191,6
04192,3
04193,1
04194,4
04195,1
04196,0
04197,7
04198,0
04199,6
04200,2
04201,1
04202,3
04203,9
04204,0
04205,1
04206,6
04207,7
04208,0
04209,8
04210,1
04211,4
04212,8
04213,7
04214,8
04215,5
04216,8
04217,7
04218,7
04219,4
04220,6
04221,9
04222,3
04223,7
04224,5
04225,8
04226,8
04227,5
04228,3
04229,7
04230,7
04231,7
04232,1
04233,6
04234,4
04235,7
04236,8
04237,4
04238,5
04239,1
04240,9
04241,5
04242,1
04243,6
04244,2
04245,7
04246,5
04247,9
04248,8
04249,9
04250,9
04251,9
04252,5
04253,1
04254,9
04255,4
04256,7
04257,4
04258,9
04259,1
04260,4
04261,5
04262,5
04263,0
04264,1
04265,9
04266,9
04267,0
04268,3
04269,5
04270,8
04271,3
04272,9
04273,2
04274,7
04275,2
04276,6
04277,2
04278,5
04279,3
04280,8
04281,5
04282,8
04283,5
04284,6
04285,4
04286,6
04287,2
04288,1
04289,3
04290,7
04291,2
04292,8
04293,0
04294,6
04295,0
04296,8
04297,3
04298,0
04299,5
04300,4
04301,7
04302,0
04303,7
04304,5
04305,0
04306,7
04307,1
04308,8
04309,8
04310,9
04311,9
04312,3
04313,0
04314,2
04315,5
04316,9
04317,3
04318,9
04319,6
04320,9
04321,9
04322,7
04323,6
04324,4
04325,0
04326,7
04327,1
04328,7
04329,5
04330,5
04331,8
04332,6
04333,8
04334,9
04335,2
04336,6
04337,1
04338,5
04339,7
04340,3
04341,3
04342,1
04343,9
04344,1
04345,5
04346,2
04347,5
04348,6
04349,6
04350,7
04351,7
04352,8
04353,1
04354,6
04355,8
04356,5
04357,8
04358,8
04359,4
04360,6
04361,4
04362,7
04363,0
04364,1
04365,3
04366,2
04367,7
04368,0
04369,4
04370,0
04371,5
04372,6
04373,5
04374,5
04375,9
04376,0
04377,1
04378,4
04379,4
04380,6
04381,7
04382,5
04383,7
04384,7
04385,8
04386,9
04387,0
04388,4
04389,8
04390,8
04391,2
04392,5
04393,4
04394,3
04395,4
04396,1
04397,2
04398,6
04399,2
04400,7
04401,8
04402,0
04403,7
04404,1
04405,1
04406,1
04407,0
04408,9
04409,3
04410,1
04411,1
04412,1
04413,4
04414,8
04415,0
04416,0
04417,8
04418,0
04419,7
04420,9
04421,4
04422,2
04423,1
04424,6
04425,6
04426,3
04427,2
04428,1
04429,3
04430,1
04431,8
04432,4
04433,1
04434,5
04435,5
04436,9
04437,8
04438,3
04439,4
04440,1
04441,4
04442,2
04443,3
04444,9
04445,9
04446,6
04447,1
04448,2
04449,7
04450,5
04451,0
04452,0
04453,4
04454,6
04455,9
04456,6
04457,3
04458,5
04459,3
04460,6
04461,8
04462,8
04463,5
04464,2
04465,8
04466,6
04467,9
04468,3
04469,1
04470,2
04471,9
04472,1
04473,3
04474,1
04475,9
04476,5
04477,0
04478,1
04479,6
04480,9
04481,1
04482,6
04483,1
04484,1
04485,8
04486,2
04487,3
04488,0
04489,1
04490,6
04491,8
04492,8
04493,0
04494,9
04495,8
04496,0
04497,0
04498,3
04499,5
04500,2
04501,8
04502,6
04503,1
04504,4
04505,7
04506,9
04507,1
04508,5
04509,1
04510,9
04511,6
04512,0
04513,9
04514,3
04515,7
04516,9
04517,4
04518,7
04519,8
04520,8
04521,7
04522,7
04523,8
04524,7
04525,1
04526,0
04527,9
04528,4
04529,7
04530,6
04531,6
04532,8
04533,8
04534,1
04535,0
04536,0
04537,4
04538,1
04539,6
04540,2
04541,0
04542,8
04543,6
04544,2
04545,0
04546,6
04547,2
04548,5
04549,8
04550,8
04551,1
04552,2
04553,4
04554,3
04555,1
04556,6
04557,3
04558,9
04559,5
04560,2
04561,3
04562,1
04563,2
04564,3
04565,3
04566,3
04567,2
04568,5
04569,0
04570,9
04571,2
04572,6
04573,4
04574,6
04575,5
04576,2
04577,0
04578,3
04579,3
04580,5
04581,1
04582,2
04583,0
04584,1
04585,3
04586,9
04587,5
04588,2
04589,7
04590,0
04591,2
04592,4
04593,5
04594,2
04595,5
04596,2
04597,6
04598,2
04599,9
04600,2
04601,3
04602,9
04603,7
04604,9
04605,7
04606,5
04607,9
04608,2
04609,6
04610,2
04611,8
04612,6
04613,5
04614,2
04615,6
04616,3
04617,4
04618,1
04619,2
04620,5
04621,7
04622,6
04623,2
04624,5
04625,7
04626,3
04627,9
04628,5
04629,6
04630,8
04631,8
04632,1
04633,9
04634,4
04635,6
04636,4
04637,2
04638,0
04639,5
04640,4
04641,5
04642,6
04643,8
04644,8
04645,6
04646,9
04647,4
04648,8
04649,9
04650,5
04651,2
04652,6
04653,7
04654,3
04655,6
04656,8
04657,0
04658,7
04659,8
04660,5
04661,9
04662,1
04663,1
04664,0
04665,2
04666,9
04667,5
04668,2
04669,5
04670,5
04671,6
04672,7
04673,7
04674,8
04675,0
04676,3
04677,2
04678,8
04679,8
04680,7
04681,3
04682,0
04683,0
04684,0
04685,9
04686,2
04687,2
04688,9
04689,5
04690,8
04691,9
04692,7
04693,1
04694,9
04695,9
04696,7
04697,0
04698,8
04699,4
04700,8
04701,0
04702,0
04703,0
04704,9
04705,1
04706,6
04707,7
04708,9
04709,4
04710,3
04711,0
04712,1
04713,7
04714,3
04715,5
04716,0
04717,9
04718,5
04719,1
04720,1
04721,5
04722,8
04723,2
04724,2
04725,8
04726,7
04727,6
04728,7
04729,9
04730,2
04731,0
04732,6
04733,3
04734,0
04735,8
04736,2
04737,9
04738,8
04739,0
04740,5
04741,3
04742,3
04743,0
04744,8
04745,9
04746,1
04747,8
04748,0
04749,8
04750,9
04751,1
04752,3
04753,3
04754,1
04755,9
04756,1
04757,6
04758,7
04759,7
04760,3
04761,4
04762,1
04763,3
04764,4
04765,9
04766,8
04767,9
04768,8
04769,5
04770,1
04771,5
04772,1
04773,1
04774,2
04775,5
04776,5
04777,9
04778,5
04779,8
04780,4
04781,6
04782,6
04783,0
04784,3
04785,8
04786,6
04787,5
04788,7
04789,3
04790,2
04791,3
04792,6
04793,8
04794,1
04795,0
04796,0
04797,9
04798,1
04799,6
04800,1
04801,5
04802,4
04803,2
04804,2
04805,5
04806,4
04807,2
04808,9
04809,8
04810,2
04811,7
04812,7
04813,3
04814,5
04815,1
04816,8
04817,9
04818,2
04819,2
04820,0
04821,5
04822,9
04823,5
04824,2
04825,5
04826,5
04827,6
04828,7
04829,4
04830,6
04831,6
04832,9
04833,6
04834,7
04835,4
04836,9
04837,8
04838,0
04839,2
04840,4
04841,0
04842,9
04843,3
04844,3
04845,7
04846,7
04847,1
04848,5
04849,0
04850,4
04851,4
04852,4
04853,3
04854,5
04855,2
04856,3
04857,6
04858,8
04859,3
04860,4
04861,6
04862,3
04863,3
04864,4
04865,2
04866,0
04867,1
04868,5
04869,2
04870,8
04871,2
04872,6
04873,0
04874,4
04875,3
04876,5
04877,7
04878,6
04879,8
04880,6
04881,8
04882,7
04883,5
04884,6
04885,8
04886,1
04887,0
04888,8
04889,9
04890,7
04891,7
04892,3
04893,1
04894,0
04895,6
04896,7
04897,5
04898,9
04899,6
04900,9
04901,1
04902,0
04903,6
04904,0
04905,8
04906,2
04907,6
04908,2
04909,8
04910,1
04911,0
04912,3
04913,6
04914,2
04915,7
04916,0
04917,8
04918,3
04919,1
04920,6
04921,7
04922,7
04923,0
04924,7
04925,4
04926,2
04927,6
04928,5
04929,0
04930,0
04931,8
04932,5
04933,1
04934,5
04935,9
04936,7
04937,1
04938,9
04939,1
04940,0
04941,0
04942,1
04943,6
04944,4
04945,0
04946,9
04947,3
04948,9
04949,7
04950,4
04951,2
04952,2
04953,1
04954,7
04955,5
04956,5
04957,6
04958,5
04959,4
04960,7
04961,9
04962,2
04963,5
04964,2
04965,3
04966,9
04967,8
04968,2
04969,9
04970,8
04971,8
04972,0
04973,9
04974,8
04975,3
04976,6
04977,7
04978,1
04979,8
04980,4
04981,8
04982,4
04983,8
04984,8
04985,6
04986,9
04987,8
04988,0
04989,8
04990,7
04991,3
04992,7
04993,4
04994,7
04995,5
04996,7
04997,6
04998,3
04999,5
05000,4
05001,1
05002,2
05003,9
05004,6
05005,9
05006,7
05007,1
05008,8
05009,2
05010,9
05011,8
05012,7
05013,5
05014,8
05015,2
05016,0
05017,9
05018,7
05019,9
05020,9
05021,1
05022,6
05023,3
05024,3
05025,6
05026,8
05027,0
05028,9
05029,4
05030,8
05031,1
05032,0
05033,5
05034,9
05035,8
05036,0
05037,6
05038,9
05039,4
05040,7
05041,2
05042,8
05043,0
05044,8
05045,9
05046,3
05047,5
05048,4
05049,7
05050,1
05051,3
05052,1
05053,0
05054,9
05055,5
05056,2
05057,3
05058,6
05059,2
05060,5
05061,0
05062,7
05063,0
05064,9
05065,5
05066,9
05067,7
05068,5
05069,5
05070,1
05071,2
05072,9
05073,9
05074,7
05075,9
05076,8
05077,9
05078,3
05079,4
05080,3
05081,5
05082,8
05083,0
05084,2
05085,9
05086,3
05087,9
05088,1
05089,6
05090,3
05091,6
05092,5
05093,6
05094,5
05095,3
05096,7
05097,6
05098,7
05099,0
05100,1
05101,2
05102,1
05103,4
05104,1
05105,3
05106,5
05107,7
05108,8
05109,5
05110,9
05111,7
05112,2
05113,7
05114,5
05115,6
05116,5
05117,6
05118,0
05119,4
05120,7
05121,3
05122,1
05123,1
05124,1
05125,0
05126,5
05127,9
05128,1
05129,6
05130,4
05131,9
05132,1
05133,7
05134,8
05135,5
05136,4
05137,7
05138,4
05139,0
05140,9
05141,4
05142,8
05143,5
05144,0
05145,8
05146,0
05147,9
05148,7
05149,0
05150,1
05151,2
05152,9
05153,2
05154,7
05155,9
05156,0
05157,5
05158,7
05159,3
05160,6
05161,0
05162,6
05163,8
05164,4
05165,4
05166,4
05167,8
05168,1
05169,6
05170,0
05171,6
05172,0
05173,7
05174,7
05175,1
05176,3
05177,3
05178,8
05179,0
05180,2
05181,0
05182,2
05183,4
05184,8
05185,5
05186,5
05187,8
05188,3
05189,5
05190,0
05191,7
05192,5
05193,7
05194,4
05195,7
05196,9
05197,2
05198,0
05199,7
05200,0
05201,5
05202,6
05203,7
05204,2
05205,2
05206,7
05207,5
05208,8
05209,6
05210,9
05211,3
05212,5
05213,5
05214,3
05215,0
05216,0
05217,2
05218,2
05219,7
05220,8
05221,9
05222,7
05223,3
05224,7
05225,3
05226,7
05227,3
05228,7
05229,7
05230,6
05231,3
05232,7
05233,8
05234,2
05235,7
05236,8
05237,9
05238,2
05239,2
05240,4
05241,9
05242,4
05243,4
05244,6
05245,6
05246,3
05247,1
05248,5
05249,2
05250,2
05251,6
05252,6
05253,4
05254,4
05255,7
05256,8
05257,4
05258,8
05259,5
05260,2
05261,1
05262,5
05263,9
05264,9
05265,3
05266,5
05267,8
05268,5
05269,6
05270,0
05271,0
05272,8
05273,8
05274,3
05275,3
05276,1
05277,5
05278,1
05279,1
05280,5
05281,9
05282,5
05283,2
05284,1
05285,9
05286,2
05287,7
05288,7
05289,5
05290,7
05291,5
05292,1
05293,2
05294,3
05295,6
05296,7
05297,1
05298,0
05299,5
05300,9
05301,2
05302,5
05303,3
05304,3
05305,8
05306,9
05307,7
05308,1
05309,5
05310,1
05311,5
05312,7
05313,2
05314,8
05315,1
05316,3
05317,4
05318,3
05319,9
05320,9
05321,6
05322,4
05323,3
05324,3
05325,4
05326,0
05327,7
05328,4
05329,4
05330,1
05331,5
05332,8
05333,7
05334,2
05335,6
05336,3
05337,4
05338,4
05339,7
05340,3
05341,8
05342,7
05343,7
05344,2
05345,1
05346,7
05347,9
05348,4
05349,7
05350,8
05351,4
05352,6
05353,5
05354,1
05355,9
05356,8
05357,8
05358,4
05359,8
05360,7
05361,1
05362,7
05363,2
05364,4
05365,8
05366,0
05367,1
05368,1
05369,8
05370,9
05371,2
05372,3
05373,4
05374,3
05375,7
05376,8
05377,3
05378,7
05379,0
05380,5
05381,7
05382,3
05383,5
05384,7
05385,7
05386,0
05387,4
05388,5
05389,8
05390,1
05391,1
05392,7
05393,8
05394,7
05395,9
05396,5
05397,8
05398,8
05399,2
05400,6
05401,1
05402,3
05403,9
05404,1
05405,4
05406,4
05407,7
05408,9
05409,5
05410,8
05411,5
05412,1
05413,5
05414,7
05415,3
05416,3
05417,2
05418,6
05419,6
05420,9
05421,9
05422,8
05423,5
05424,0
05425,8
05426,7
05427,7
05428,1
05429,4
05430,9
05431,4
05432,5
05433,5
05434,9
05435,7
05436,9
05437,2
05438,1
05439,5
05440,9
05441,5
05442,4
05443,3
05444,8
05445,0
05446,1
05447,9
05448,4
05449,6
05450,4
05451,1
05452,7
05453,1
05454,9
05455,2
05456,5
05457,1
05458,8
05459,1
05460,0
05461,3
05462,7
05463,3
05464,3
05465,6
05466,0
05467,0
05468,0
05469,6
05470,4
05471,4
05472,8
05473,9
05474,6
05475,9
05476,4
05477,9
05478,8
05479,2
05480,0
05481,5
05482,5
05483,3
05484,8
05485,4
05486,8
05487,0
05488,1
05489,1
05490,1
05491,9
05492,0
05493,9
05494,5
05495,7
05496,0
05497,5
05498,4
05499,4
05500,7
05501,7
05502,1
05503,6
05504,8
05505,0
05506,1
05507,5
05508,9
05509,3
05510,3
05511,1
05512,7
05513,8
05514,3
05515,3
05516,4
05517,7
05518,2
05519,0
05520,9
05521,6
05522,6
05523,8
05524,7
05525,3
05526,8
05527,6
05528,1
05529,9
05530,9
05531,2
05532,9
05533,5
05534,1
05535,7
05536,5
05537,3
05538,3
05539,9
05540,8
05541,5
05542,5
05543,9
05544,2
05545,1
05546,7
05547,7
05548,1
05549,4
05550,1
05551,4
05552,8
05553,3
05554,0
05555,9
05556,7
05557,0
05558,5
05559,2
05560,2
05561,0
05562,0
05563,3
05564,3
05565,6
05566,3
05567,8
05568,4
05569,9
05570,1
05571,4
05572,4
05573,6
05574,3
05575,9
05576,2
05577,9
05578,1
05579,9
05580,5
05581,9
05582,7
05583,0
05584,4
05585,5
05586,3
05587,4
05588,8
05589,2
05590,8
05591,3
05592,0
05593,8
05594,8
05595,7
05596,1
05597,1
05598,9
05599,3
05600,8
05601,4
05602,2
05603,6
05604,5
05605,7
05606,3
05607,3
05608,7
05609,8
05610,8
05611,1
05612,4
05613,3
05614,3
05615,7
05616,2
05617,1
05618,8
05619,8
05620,1
05621,8
05622,4
05623,3
05624,6
05625,5
05626,7
05627,5
05628,7
05629,9
05630,1
05631,9
05632,7
05633,5
05634,3
05635,8
05636,6
05637,1
05638,3
05639,6
05640,5
05641,3
05642,4
05643,6
05644,8
05645,1
05646,4
05647,3
05648,2
05649,7
05650,0
05651,2
05652,9
05653,8
05654,8
05655,2
05656,5
05657,9
05658,5
05659,4
05660,7
05661,2
05662,3
05663,3
05664,5
05665,0
05666,2
05667,0
05668,1
05669,9
05670,8
05671,5
05672,3
05673,2
05674,1
05675,7
05676,5
05677,7
05678,2
05679,5
05680,2
05681,1
05682,4
05683,8
05684,0
05685,4
05686,7
05687,5
05688,8
05689,7
05690,3
05691,3
05692,2
05693,0
05694,3
05695,1
05696,5
05697,3
05698,2
05699,5
05700,5
05701,8
05702,5
05703,1
05704,2
05705,6
05706,2
05707,9
05708,4
05709,3
05710,5
05711,3
05712,1
05713,0
05714,4
05715,5
05716,8
05717,2
05718,4
05719,9
05720,8
05721,5
05722,3
05723,2
05724,0
05725,7
05726,5
05727,0
05728,0
05729,1
05730,8
05731,3
05732,2
05733,7
05734,8
05735,3
05736,9
05737,5
05738,4
05739,1
05740,7
05741,6
05742,8
05743,3
05744,9
05745,2
05746,1
05747,4
05748,5
05749,7
05750,7
05751,2
05752,1
05753,7
05754,3
05755,6
05756,6
05757,1
05758,2
05759,4
05760,3
05761,6
05762,3
05763,5
05764,3
05765,1
05766,6
05767,7
05768,3
05769,9
05770,3
05771,1
05772,1
05773,6
05774,2
05775,4
05776,1
05777,4
05778,1
05779,6
05780,1
05781,9
05782,4
05783,3
05784,4
05785,9
05786,1
05787,4
05788,3
05789,5
05790,5
05791,3
05792,2
05793,9
05794,1
05795,4
05796,5
05797,2
05798,5
05799,4
05800,3
05801,9
05802,7
05803,0
05804,1
05805,2
05806,1
05807,7
05808,1
05809,3
05810,3
05811,2
05812,5
05813,9
05814,8
05815,6
05816,7
05817,5
05818,3
05819,3
05820,7
05821,3
05822,3
05823,6
05824,6
05825,8
05826,6
05827,9
05828,6
05829,8
05830,9
05831,6
05832,4
05833,7
05834,8
05835,5
05836,6
05837,8
05838,3
05839,7
05840,2
05841,1
05842,8
05843,3
05844,4
05845,1
05846,7
05847,8
05848,3
05849,5
05850,5
05851,1
05852,2
05853,6
05854,5
05855,2
05856,2
05857,1
05858,6
05859,7
05860,1
05861,8
05862,9
05863,7
05864,3
05865,1
05866,8
05867,4
05868,3
05869,6
05870,7
05871,3
05872,0
05873,3
05874,1
05875,1
05876,0
05877,8
05878,4
05879,6
05880,7
05881,2
05882,5
05883,9
05884,1
05885,5
05886,6
05887,3
05888,0
05889,1
05890,7
05891,8
05892,4
05893,0
05894,0
05895,2
05896,6
05897,0
05898,1
05899,6
05900,5
05901,7
05902,0
05903,7
05904,6
05905,7
05906,0
05907,1
05908,8
05909,8
05910,2
05911,6
05912,4
05913,4
05914,2
05915,8
05916,4
05917,3
05918,7
05919,4
05920,0
05921,9
05922,3
05923,0
05924,5
05925,1
05926,3
05927,7
05928,5
05929,1
05930,4
05931,0
05932,3
05933,2
05934,3
05935,7
05936,8
05937,1
05938,3
05939,6
05940,3
05941,4
05942,6
05943,8
05944,0
05945,6
05946,4
05947,5
05948,4
05949,1
05950,5
05951,3
05952,0
05953,5
05954,6
05955,8
05956,1
05957,7
05958,8
05959,7
05960,1
05961,0
05962,5
05963,5
05964,1
05965,1
05966,4
05967,8
05968,0
05969,4
05970,3
05971,6
05972,2
05973,9
05974,1
05975,7
05976,1
05977,4
05978,7
05979,3
05980,5
05981,2
05982,1
05983,6
05984,5
05985,3
05986,7
05987,6
05988,4
05989,2
05990,7
05991,9
05992,5
05993,6
05994,8
05995,7
05996,4
05997,8
05998,9
05999,2
06000,5
06001,1
06002,8
06003,3
06004,7
06005,2
06006,6
06007,9
06008,6
06009,0
06010,5
06011,5
06012,3
06013,5
06014,3
06015,1
06016,3
06017,3
06018,9
06019,2
06020,5
06021,1
06022,6
06023,3
06024,8
06025,2
06026,5
06027,3
06028,9
06029,6
06030,7
06031,9
06032,5
06033,3
06034,8
06035,3
06036,6
06037,4
06038,2
06039,7
06040,5
06041,2
06042,8
06043,6
06044,8
06045,6
06046,6
06047,0
06048,4
06049,6
06050,1
06051,1
06052,2
06053,9
06054,6
06055,0
06056,2
06057,5
06058,1
06059,9
06060,5
06061,2
06062,7
06063,6
06064,5
06065,3
06066,5
06067,9
06068,8
06069,4
06070,2
06071,7
06072,6
06073,4
06074,7
06075,5
06076,4
06077,7
06078,2
06079,2
06080,6
06081,5
06082,1
06083,5
06084,8
06085,3
06086,9
06087,3
06088,8
06089,4
06090,1
06091,2
06092,3
06093,4
06094,2
06095,4
06096,4
06097,6
06098,9
06099,5
06100,7
06101,4
06102,0
06103,2
06104,4
06105,8
06106,6
06107,6
06108,0
06109,0
06110,9
06111,1
06112,0
06113,1
06114,8
06115,5
06116,7
06117,5
06118,2
06119,3
06120,4
06121,1
06122,7
06123,5
06124,9
06125,8
06126,4
06127,1
06128,3
06129,6
06130,7
06131,7
06132,3
06133,3
06134,8
06135,9
06136,8
06137,6
06138,0
06139,9
06140,8
06141,3
06142,8
06143,3
06144,8
06145,0
06146,1
06147,6
06148,2
06149,4
06150,8
06151,7
06152,1
06153,5
06154,8
06155,2
06156,8
06157,7
06158,7
06159,6
06160,9
06161,7
06162,2
06163,1
06164,5
06165,5
06166,8
06167,3
06168,4
06169,5
06170,0
06171,6
06172,2
06173,2
06174,2
06175,7
06176,5
06177,4
06178,2
06179,7
06180,3
06181,6
06182,4
06183,1
06184,9
06185,0
06186,3
06187,3
06188,6
06189,3
06190,0
06191,0
06192,1
06193,7
06194,1
06195,2
06196,3
06197,8
06198,1
06199,3
06200,6
06201,5
06202,3
06203,6
06204,7
06205,9
06206,5
06207,2
06208,0
06209,9
06210,8
06211,7
06212,4
06213,1
06214,2
06215,8
06216,5
06217,1
06218,3
06219,3
06220,0
06221,9
06222,3
06223,9
06224,6
06225,4
06226,1
06227,7
06228,5
06229,5
06230,7
06231,3
06232,5
06233,8
06234,7
06235,0
06236,8
06237,8
06238,9
06239,9
06240,1
06241,5
06242,3
06243,0
06244,3
06245,6
06246,6
06247,5
06248,4
06249,1
06250,1
06251,6
06252,6
06253,1
06254,1
06255,4
06256,0
06257,4
06258,6
06259,1
06260,2
06261,9
06262,1
06263,1
06264,9
06265,4
06266,5
06267,8
06268,2
06269,7
06270,0
06271,5
06272,1
06273,2
06274,7
06275,2
06276,1
06277,1
06278,2
06279,0
06280,6
06281,6
06282,4
06283,5
06284,4
06285,2
06286,3
06287,7
06288,7
06289,3
06290,7
06291,6
06292,1
06293,4
06294,2
06295,6
06296,9
06297,9
06298,7
06299,7
06300,4
06301,4
06302,4
06303,1
06304,6
06305,2
06306,8
06307,5
06308,5
06309,9
06310,9
06311,3
06312,3
06313,3
06314,1
06315,1
06316,9
06317,4
06318,7
06319,3
06320,3
06321,7
06322,2
06323,5
06324,4
06325,6
06326,3
06327,4
06328,1
06329,6
06330,8
06331,6
06332,4
06333,7
06334,8
06335,2
06336,2
06337,3
06338,5
06339,7
06340,8
06341,7
06342,6
06343,5
06344,7
06345,3
06346,9
06347,8
06348,8
06349,6
06350,7
06351,0
06352,1
06353,1
06354,3
06355,3
06356,2
06357,2
06358,3
06359,6
06360,4
06361,1
06362,4
06363,4
06364,6
06365,1
06366,2
06367,7
06368,2
06369,8
06370,9
06371,4
06372,2
06373,8
06374,0
06375,8
06376,9
06377,2
06378,1
06379,4
06380,1
06381,0
06382,9
06383,7
06384,7
06385,9
06386,8
06387,4
06388,8
06389,7
06390,4
06391,8
06392,1
06393,9
06394,7
06395,8
06396,0
06397,7
06398,5
06399,2
06400,2
06401,8
06402,2
06403,3
06404,3
06405,5
06406,1
06407,1
06408,9
06409,2
06410,4
06411,1
06412,5
06413,5
06414,1
06415,2
06416,6
06417,3
06418,8
06419,7
06420,9
06421,1
06422,9
06423,9
06424,4
06425,4
06426,3
06427,5
06428,9
06429,3
06430,8
06431,4
06432,0
06433,4
06434,4
06435,1
06436,6
06437,5
06438,3
06439,2
06440,3
06441,2
06442,2
06443,1
06444,3
06445,8
06446,5
06447,7
06448,6
06449,7
06450,2
06451,6
06452,5
06453,4
06454,1
06455,7
06456,7
06457,4
06458,1
06459,7
06460,5
06461,6
06462,2
06463,6
06464,4
06465,7
06466,0
06467,2
06468,2
06469,1
06470,8
06471,5
06472,7
06473,5
06474,8
06475,1
06476,0
06477,7
06478,2
06479,6
06480,3
06481,1
06482,2
06483,4
06484,5
06485,2
06486,3
06487,7
06488,3
06489,1
06490,0
06491,6
06492,3
06493,5
06494,2
06495,4
06496,2
06497,9
06498,3
06499,9
06500,9
06501,1
06502,8
06503,5
06504,6
06505,5
06506,1
06507,5
06508,9
06509,1
06510,8
06511,1
06512,6
06513,5
06514,8
06515,7
06516,4
06517,1
06518,1
06519,3
06520,0
06521,8
06522,5
06523,7
06524,2
06525,8
06526,3
06527,2
06528,8
06529,5
06530,7
06531,4
06532,4
06533,3
06534,1
06535,4
06536,2
06537,6
06538,8
06539,7
06540,7
06541,9
06542,8
06543,8
06544,0
06545,3
06546,8
06547,9
06548,4
06549,4
06550,5
06551,6
06552,9
06553,7
06554,9
06555,0
06556,8
06557,1
06558,3
06559,7
06560,7
06561,6
06562,6
06563,3
06564,3
06565,2
06566,4
06567,1
06568,6
06569,7
06570,5
06571,4
06572,3
06573,8
06574,0
06575,3
06576,8
06577,0
06578,6
06579,3
06580,1
06581,7
06582,5
06583,4
06584,8
06585,0
06586,2
06587,8
06588,4
06589,0
06590,9
06591,7
06592,0
06593,7
06594,7
06595,8
06596,9
06597,8
06598,5
06599,1
06600,8
06601,3
06602,3
06603,9
06604,4
06605,6
06606,8
06607,7
06608,9
06609,4
06610,1
06611,5
06612,2
06613,6
06614,1
06615,4
06616,6
06617,8
06618,8
06619,6
06620,9
06621,0
06622,1
06623,1
06624,5
06625,8
06626,8
06627,6
06628,8
06629,0
06630,1
06631,8
06632,6
06633,8
06634,0
06635,6
06636,2
06637,1
06638,8
06639,4
06640,5
06641,3
06642,9
06643,0
06644,2
06645,9
06646,0
06647,0
06648,5
06649,3
06650,5
06651,5
06652,6
06653,7
06654,1
06655,9
06656,3
06657,9
06658,9
06659,3
06660,2
06661,5
06662,3
06663,7
06664,0
06665,8
06666,4
06667,0
06668,8
06669,1
06670,1
06671,0
06672,8
06673,6
06674,9
06675,3
06676,8
06677,5
06678,9
06679,9
06680,9
06681,7
06682,4
06683,7
06684,9
06685,9
06686,9
06687,7
06688,3
06689,4
06690,6
06691,4
06692,4
06693,1
06694,8
06695,3
06696,3
06697,6
06698,3
06699,2
06700,2
06701,7
06702,4
06703,3
06704,9
06705,1
06706,3
06707,3
06708,2
06709,2
06710,4
06711,3
06712,7
06713,2
06714,6
06715,4
06716,8
06717,5
06718,6
06719,1
06720,5
06721,8
06722,1
06723,2
06724,9
06725,8
06726,0
06727,0
06728,9
06729,8
06730,5
06731,2
06732,9
06733,2
06734,7
06735,0
06736,3
06737,0
06738,0
06739,7
06740,6
06741,3
06742,9
06743,5
06744,2
06745,3
06746,0
06747,2
06748,5
06749,7
06750,8
06751,6
06752,1
06753,9
06754,8
06755,5
06756,6
06757,8
06758,2
06759,3
06760,7
06761,4
06762,2
06763,1
06764,0
06765,2
06766,5
06767,1
06768,1
06769,3
06770,3
06771,1
06772,6
06773,3
06774,4
06775,7
06776,1
06777,1
06778,4
06779,8
06780,7
06781,9
06782,2
06783,2
06784,4
06785,9
06786,6
06787,7
06788,9
06789,0
06790,6
06791,7
06792,2
06793,3
06794,9
06795,0
06796,5
06797,2
06798,8
06799,3
06800,4
06801,6
06802,4
06803,0
06804,8
06805,6
06806,1
06807,8
06808,8
06809,6
06810,0
06811,8
06812,1
06813,3
06814,6
06815,1
06816,6
06817,1
06818,7
06819,5
06820,4
06821,0
06822,5
06823,4
06824,9
06825,3
06826,8
06827,9
06828,9
06829,7
06830,6
06831,9
06832,0
06833,1
06834,9
06835,0
06836,0
06837,3
06838,2
06839,7
06840,1
06841,8
06842,3
06843,6
06844,4
06845,3
06846,0
06847,8
06848,4
06849,1
06850,4
06851,0
06852,1
06853,4
06854,9
06855,6
06856,6
06857,3
06858,4
06859,2
06860,8
06861,8
06862,7
06863,9
06864,0
06865,8
06866,0
06867,6
06868,0
06869,3
06870,2
06871,9
06872,2
06873,5
06874,0
06875,9
06876,7
06877,6
06878,2
06879,8
06880,3
06881,7
06882,0
06883,5
06884,7
06885,2
06886,8
06887,8
06888,1
06889,0
06890,6
06891,4
06892,4
06893,7
06894,3
06895,5
06896,5
06897,9
06898,7
06899,0
06900,5
06901,7
06902,2
06903,5
06904,6
06905,4
06906,9
06907,6
06908,5
06909,1
06910,2
06911,1
06912,0
06913,4
06914,0
06915,3
06916,6
06917,4
06918,4
06919,6
06920,8
06921,8
06922,0
06923,8
06924,8
06925,8
06926,7
06927,9
06928,9
06929,8
06930,2
06931,1
06932,3
06933,8
06934,9
06935,7
06936,5
06937,0
06938,8
06939,8
06940,4
06941,5
06942,5
06943,1
06944,6
06945,0
06946,5
06947,0
06948,2
06949,3
06950,7
06951,6
06952,2
06953,3
06954,5
06955,9
06956,7
06957,6
06958,4
06959,4
06960,5
06961,9
06962,2
06963,7
06964,4
06965,1
06966,5
06967,7
06968,9
06969,8
06970,1
06971,7
06972,2
06973,4
06974,4
06975,7
06976,7
06977,3
06978,5
06979,1
06980,0
06981,4
06982,9
06983,3
06984,3
06985,3
06986,1
06987,4
06988,8
06989,3
06990,3
06991,7
06992,8
06993,1
06994,2
06995,9
06996,3
06997,4
06998,3
06999,3
07000,3
07001,0
07002,5
07003,8
07004,0
07005,6
07006,7
07007,2
07008,9
07009,2
07010,9
07011,8
07012,0
07013,5
07014,6
07015,8
07016,2
07017,7
07018,9
07019,1
07020,7
07021,8
07022,1
07023,6
07024,1
07025,8
07026,3
07027,6
07028,3
07029,5
07030,7
07031,1
07032,4
07033,7
07034,5
07035,7
07036,2
07037,1
07038,8
07039,8
07040,4
07041,9
07042,6
07043,1
07044,5
07045,7
07046,9
07047,9
07048,0
07049,3
07050,5
07051,8
07052,7
07053,3
07054,4
07055,3
07056,0
07057,9
07058,5
07059,8
07060,3
07061,9
07062,7
07063,8
07064,3
07065,4
07066,0
07067,1
07068,9
07069,5
07070,0
07071,9
07072,7
07073,9
07074,0
07075,4
07076,4
07077,8
07078,4
07079,1
07080,2
07081,1
07082,7
07083,7
07084,9
07085,4
07086,3
07087,3
07088,6
07089,1
07090,6
07091,9
07092,2
07093,0
07094,2
07095,7
07096,1
07097,9
07098,8
07099,8
07100,1
07101,2
07102,9
07103,5
07104,1
07105,8
07106,1
07107,1
07108,2
07109,1
07110,6
07111,8
07112,6
07113,5
07114,6
07115,1
07116,1
07117,2
07118,1
07119,6
07120,7
07121,5
07122,3
07123,4
07124,4
07125,4
07126,9
07127,4
07128,2
07129,0
07130,1
07131,1
07132,4
07133,0
07134,4
07135,7
07136,4
07137,4
07138,2
07139,9
07140,1
07141,1
07142,2
07143,1
07144,8
07145,3
07146,0
07147,5
07148,0
07149,9
07150,8
07151,0
07152,7
07153,8
07154,2
07155,1
07156,8
07157,3
07158,5
07159,5
07160,0
07161,1
07162,2
07163,0
07164,1
07165,4
07166,2
07167,7
07168,9
07169,1
07170,3
07171,4
07172,4
07173,4
07174,8
07175,9
07176,7
07177,3
07178,7
07179,5
07180,3
07181,6
07182,8
07183,2
07184,1
07185,7
07186,3
07187,6
07188,8
07189,1
07190,1
07191,3
07192,7
07193,4
07194,0
07195,7
07196,9
07197,7
07198,5
07199,0
07200,3
07201,8
07202,5
07203,6
07204,6
07205,3
07206,3
07207,8
07208,3
07209,0
07210,7
07211,7
07212,2
07213,1
07214,6
07215,8
07216,1
07217,9
07218,1
07219,6
07220,4
07221,5
07222,1
07223,1
07224,9
07225,8
07226,9
07227,3
07228,3
07229,3
07230,3
07231,1
07232,8
07233,1
07234,1
07235,8
07236,7
07237,0
07238,6
07239,3
07240,2
07241,4
07242,6
07243,9
07244,5
07245,5
07246,2
07247,7
07248,1
07249,2
07250,5
07251,0
07252,6
07253,9
07254,2
07255,9
07256,6
07257,7
07258,3
07259,6
07260,5
07261,8
07262,2
07263,9
07264,0
07265,2
07266,0
07267,1
07268,9
07269,5
07270,0
07271,4
07272,5
07273,5
07274,9
07275,8
07276,9
07277,5
07278,1
07279,1
07280,1
07281,3
07282,8
07283,9
07284,0
07285,8
07286,1
07287,9
07288,6
07289,5
07290,5
07291,2
07292,9
07293,9
07294,3
07295,4
07296,2
07297,0
07298,9
07299,5
07300,6
07301,7
07302,9
07303,4
07304,2
07305,0
07306,3
07307,7
07308,4
07309,3
07310,4
07311,2
07312,8
07313,0
07314,0
07315,3
07316,9
07317,7
07318,5
07319,2
07320,7
07321,0
07322,3
07323,0
07324,5
07325,2
07326,4
07327,8
07328,9
07329,3
07330,2
07331,3
07332,8
07333,1
07334,7
07335,5
07336,9
07337,3
07338,9
07339,2
07340,9
07341,1
07342,9
07343,6
07344,4
07345,0
07346,6
07347,9
07348,7
07349,3
07350,5
07351,1
07352,7
07353,1
07354,6
07355,9
07356,6
07357,0
07358,7
07359,6
07360,9
07361,7
07362,5
07363,3
07364,8
07365,7
07366,1
07367,9
07368,2
07369,5
07370,4
07371,8
07372,2
07373,1
07374,1
07375,0
07376,1
07377,3
07378,2
07379,0
07380,0
07381,5
07382,3
07383,3
07384,8
07385,0
07386,7
07387,8
07388,8
07389,9
07390,2
07391,2
07392,7
07393,2
07394,8
07395,0
07396,3
07397,9
07398,1
07399,0
07400,8
07401,0
07402,8
07403,5
07404,6
07405,9
07406,1
07407,6
07408,6
07409,9
07410,9
07411,4
07412,7
07413,1
07414,1
07415,2
07416,2
07417,6
07418,6
07419,0
07420,6
07421,0
07422,8
07423,5
07424,1
07425,5
07426,1
07427,0
07428,8
07429,2
07430,9
07431,4
07432,0
07433,3
07434,6
07435,9
07436,7
07437,3
07438,9
07439,2
07440,8
07441,7
07442,4
07443,5
07444,0
07445,3
07446,0
07447,8
07448,8
07449,7
07450,0
07451,1
07452,3
07453,2
07454,7
07455,7
07456,7
07457,6
07458,3
07459,6
07460,6
07461,1
07462,2
07463,8
07464,3
07465,9
07466,1
07467,1
07468,5
07469,7
07470,7
07471,1
07472,6
07473,8
07474,8
07475,2
07476,2
07477,7
07478,0
07479,1
07480,7
07481,5
07482,5
07483,8
07484,0
07485,7
07486,4
07487,5
07488,1
07489,6
07490,4
07491,8
07492,2
07493,3
07494,2
07495,5
07496,2
07497,2
07498,4
07499,6
07500,5
07501,5
07502,4
07503,4
07504,2
07505,0
07506,3
07507,7
07508,3
07509,5
07510,9
07511,9
07512,6
07513,3
07514,1
07515,2
07516,7
07517,7
07518,2
07519,3
07520,8
07521,5
07522,1
07523,2
07524,0
07525,3
07526,6
07527,1
07528,3
07529,6
07530,2
07531,0
07532,0
07533,4
07534,5
07535,7
07536,7
07537,4
07538,6
07539,1
07540,5
07541,5
07542,1
07543,9
07544,7
07545,3
07546,6
07547,8
07548,9
07549,6
07550,5
07551,4
07552,9
07553,3
07554,1
07555,4
07556,4
07557,6
07558,2
07559,2
07560,5
07561,7
07562,5
07563,9
07564,2
07565,0
07566,6
07567,5
07568,8
07569,0
07570,6
07571,0
07572,5
07573,3
07574,2
07575,3
07576,3
07577,5
07578,7
07579,3
07580,0
07581,4
07582,5
07583,0
07584,4
07585,0
07586,8
07587,4
07588,1
07589,9
07590,4
07591,4
07592,6
07593,3
07594,2
07595,7
07596,4
07597,8
07598,4
07599,9
07600,2
07601,8
07602,5
07603,5
07604,5
07605,5
07606,1
07607,9
07608,8
07609,5
07610,1
07611,4
07612,1
07613,6
07614,2
07615,5
07616,0
07617,1
07618,5
07619,5
07620,0
07621,9
07622,5
07623,9
07624,9
07625,3
07626,3
07627,8
07628,8
07629,9
07630,7
07631,3
07632,2
07633,5
07634,0
07635,4
07636,8
07637,6
07638,8
07639,0
07640,8
07641,4
07642,3
07643,9
07644,6
07645,3
07646,8
07647,0
07648,4
07649,0
07650,7
07651,6
07652,8
07653,7
07654,5
07655,8
07656,3
07657,8
07658,3
07659,5
07660,3
07661,0
07662,6
07663,9
07664,9
07665,0
07666,6
07667,0
07668,7
07669,2
07670,2
07671,7
07672,8
07673,5
07674,7
07675,7
07676,2
07677,5
07678,0
07679,3
07680,5
07681,3
07682,0
07683,4
07684,1
07685,9
07686,1
07687,1
07688,1
07689,2
07690,5
07691,9
07692,7
07693,2
07694,9
07695,3
07696,1
07697,6
07698,5
07699,7
07700,5
07701,2
07702,9
07703,5
07704,0
07705,8
07706,4
07707,4
07708,9
07709,6
07710,5
07711,3
07712,7
07713,5
07714,8
07715,7
07716,4
07717,2
07718,0
07719,7
07720,4
07721,7
07722,9
07723,5
07724,1
07725,4
07726,2
07727,7
07728,2
07729,6
07730,5
07731,1
07732,1
07733,9
07734,2
07735,4
07736,6
07737,6
07738,1
07739,9
07740,7
07741,6
07742,2
07743,2
07744,0
07745,4
07746,9
07747,8
07748,1
07749,3
07750,6
07751,5
07752,9
07753,2
07754,5
07755,7
07756,5
07757,7
07758,6
07759,2
07760,6
07761,4
07762,1
07763,3
07764,2
07765,6
07766,7
07767,6
07768,2
07769,7
07770,9
07771,5
07772,1
07773,0
07774,0
07775,5
07776,3
07777,2
07778,7
07779,5
07780,4
07781,3
07782,4
07783,7
07784,0
07785,8
07786,7
07787,7
07788,9
07789,6
07790,6
07791,5
07792,4
07793,2
07794,8
07795,0
07796,6
07797,5
07798,2
07799,1
07800,3
07801,5
07802,2
07803,1
07804,6
07805,2
07806,2
07807,3
07808,7
07809,5
07810,0
07811,8
07812,1
07813,7
07814,7
07815,6
07816,5
07817,0
07818,7
07819,6
07820,3
07821,2
07822,3
07823,4
07824,5
07825,8
07826,1
07827,4
07828,4
07829,0
07830,3
07831,6
07832,6
07833,0
07834,5
07835,9
07836,4
07837,8
07838,9
07839,0
07840,9
07841,0
07842,3
07843,1
07844,6
07845,1
07846,4
07847,0
07848,1
07849,3
07850,6
07851,0
07852,9
07853,6
07854,4
07855,9
07856,6
07857,1
07858,9
07859,2
07860,5
07861,5
07862,9
07863,1
07864,5
07865,5
07866,5
07867,9
07868,3
07869,3
07870,9
07871,8
07872,2
07873,6
07874,4
07875,2
07876,7
07877,1
07878,7
07879,7
07880,1
07881,2
07882,7
07883,7
07884,3
07885,2
07886,2
07887,3
07888,5
07889,2
07890,4
07891,7
07892,5
07893,0
07894,8
07895,6
07896,3
07897,5
07898,2
07899,6
07900,3
07901,9
07902,5
07903,0
07904,6
07905,9
07906,2
07907,6
07908,0
07909,1
07910,6
07911,3
07912,8
07913,0
07914,8
07915,2
07916,7
07917,8
07918,2
07919,5
07920,3
07921,4
07922,6
07923,0
07924,0
07925,0
07926,4
07927,6
07928,0
07929,3
07930,2
07931,2
07932,5
07933,8
07934,3
07935,9
07936,8
07937,0
07938,0
07939,6
07940,8
07941,4
07942,7
07943,3
07944,8
07945,6
07946,8
07947,7
07948,9
07949,7
07950,2
07951,6
07952,0
07953,6
07954,2
07955,6
07956,6
07957,9
07958,4
07959,4
07960,4
07961,6
07962,4
07963,5
07964,5
07965,6
07966,2
07967,5
07968,2
07969,7
07970,1
07971,5
07972,9
07973,1
07974,8
07975,9
07976,4
07977,5
07978,5
07979,1
07980,5
07981,2
07982,1
07983,7
07984,9
07985,0
07986,6
07987,1
07988,2
07989,2
07990,2
07991,6
07992,5
07993,2
07994,5
07995,7
07996,2
07997,8
07998,4
07999,8
08000,5
08001,7
08002,7
08003,2
08004,6
08005,5
08006,1
08007,9
08008,4
08009,6
08010,9
08011,8
08012,8
08013,1
08014,7
08015,8
08016,4
08017,4
08018,3
08019,4
08020,9
08021,8
08022,8
08023,1
08024,5
08025,0
08026,3
08027,3
08028,4
08029,3
08030,3
08031,0
08032,3
08033,8
08034,9
08035,6
08036,2
08037,8
08038,1
08039,5
08040,3
08041,8
08042,6
08043,3
08044,8
08045,1
08046,1
08047,3
08048,4
08049,5
08050,8
08051,2
08052,0
08053,3
08054,4
08055,5
08056,3
08057,2
08058,1
08059,1
08060,8
08061,5
08062,8
08063,1
08064,1
08065,2
08066,9
08067,3
08068,7
08069,0
08070,3
08071,6
08072,5
08073,8
08074,5
08075,8
08076,7
08077,1
08078,4
08079,5
08080,0
08081,4
08082,4
08083,1
08084,0
08085,7
08086,4
08087,8
08088,8
08089,3
08090,6
08091,2
08092,3
08093,3
08094,0
08095,1
08096,5
08097,1
08098,9
08099,4
08100,0
08101,3
08102,6
08103,8
08104,6
08105,9
08106,0
08107,3
08108,3
08109,0
08110,0
08111,0
08112,6
08113,8
08114,6
08115,9
08116,2
08117,2
08118,7
08119,0
08120,0
08121,2
08122,7
08123,6
08124,8
08125,8
08126,5
08127,2
08128,8
08129,3
08130,2
08131,6
08132,5
08133,7
08134,6
08135,9
08136,2
08137,2
08138,2
08139,5
08140,1
08141,6
08142,0
08143,6
08144,3
08145,9
08146,2
08147,8
08148,1
08149,1
08150,5
08151,3
08152,1
08153,0
08154,2
08155,1
08156,3
08157,1
08158,8
08159,3
08160,7
08161,0
08162,1
08163,1
08164,5
08165,2
08166,0
08167,9
08168,9
08169,2
08170,3
08171,2
08172,4
08173,8
08174,7
08175,2
08176,5
08177,4
08178,9
08179,3
08180,0
08181,9
08182,8
08183,8
08184,6
08185,2
08186,5
08187,7
08188,3
08189,4
08190,0
08191,9
08192,9
08193,5
08194,4
08195,3
08196,3
08197,8
08198,8
08199,5
08200,9
08201,0
08202,5
08203,6
08204,4
08205,8
08206,5
08207,5
08208,7
08209,9
08210,5
08211,9
08212,9
08213,0
08214,4
08215,2
08216,1
08217,6
08218,3
08219,1
08220,5
08221,7
08222,5
08223,9
08224,4
08225,9
08226,9
08227,8
08228,3
08229,5
08230,5
08231,4
08232,6
08233,0
08234,3
08235,0
08236,1
08237,8
08238,3
08239,5
08240,5
08241,6
08242,3
08243,5
08244,6
08245,5
08246,7
08247,5
08248,8
08249,5
08250,6
08251,2
08252,4
08253,5
08254,8
08255,1
08256,6
08257,5
08258,1
08259,9
08260,8
08261,0
08262,0
08263,7
08264,9
08265,2
08266,5
08267,9
08268,7
08269,5
08270,5
08271,9
08272,8
08273,8
08274,3
08275,7
08276,7
08277,7
08278,9
08279,7
08280,0
08281,7
08282,7
08283,5
08284,6
08285,9
08286,7
08287,2
08288,0
08289,0
08290,8
08291,6
08292,7
08293,0
08294,7
08295,0
08296,8
08297,4
08298,0
08299,0
08300,5
08301,6
08302,1
08303,5
08304,5
08305,8
08306,0
08307,1
08308,7
08309,8
08310,2
08311,6
08312,9
08313,8
08314,4
08315,5
08316,8
08317,5
08318,2
08319,9
08320,0
08321,1
08322,6
08323,3
08324,3
08325,3
08326,3
08327,0
08328,0
08329,2
08330,6
08331,2
08332,0
08333,5
08334,1
08335,9
08336,4
08337,1
08338,5
08339,9
08340,5
08341,3
08342,3
08343,4
08344,6
08345,4
08346,8
08347,2
08348,4
08349,3
08350,1
08351,0
08352,8
08353,6
08354,1
08355,0
08356,8
08357,8
08358,6
08359,8
08360,0
08361,4
08362,5
08363,9
08364,3
08365,9
08366,4
08367,6
08368,6
08369,0
08370,5
08371,1
08372,7
08373,0
08374,9
08375,3
08376,4
08377,0
08378,2
08379,7
08380,4
08381,0
08382,7
08383,2
08384,3
08385,5
08386,5
08387,5
08388,8
08389,8
08390,7
08391,6
08392,1
08393,7
08394,2
08395,9
08396,3
08397,3
08398,4
08399,3
08400,5
08401,5
08402,7
08403,2
08404,6
08405,4
08406,4
08407,7
08408,9
08409,0
08410,1
08411,6
08412,4
08413,0
08414,2
08415,5
08416,2
08417,2
08418,8
08419,3
08420,5
08421,9
08422,2
08423,2
08424,4
08425,7
08426,1
08427,1
08428,6
08429,0
08430,9
08431,1
08432,2
08433,0
08434,7
08435,0
08436,0
08437,5
08438,5
08439,3
08440,1
08441,5
08442,0
08443,5
08444,5
08445,5
08446,6
08447,7
08448,5
08449,6
08450,4
08451,4
08452,6
08453,5
08454,0
08455,1
08456,4
08457,2
08458,1
08459,0
08460,5
08461,6
08462,7
08463,7
08464,4
08465,4
08466,7
08467,6
08468,2
08469,6
08470,6
08471,1
08472,2
08473,4
08474,4
08475,2
08476,2
08477,9
08478,5
08479,4
08480,0
08481,5
08482,5
08483,8
08484,4
08485,1
08486,1
08487,8
08488,7
08489,4
08490,8
08491,3
08492,0
08493,8
08494,4
08495,2
08496,1
08497,9
08498,9
08499,7
08500,2
08501,9
08502,9
08503,6
08504,2
08505,8
08506,8
08507,9
08508,4
08509,1
08510,3
08511,9
08512,0
08513,1
08514,5
08515,8
08516,8
08517,1
08518,1
08519,7
08520,1
08521,2
08522,9
08523,0
08524,2
08525,1
08526,5
08527,0
08528,8
08529,1
08530,2
08531,1
08532,6
08533,2
08534,9
08535,4
08536,9
08537,1
08538,6
08539,6
08540,5
08541,1
08542,0
08543,7
08544,8
08545,8
08546,0
08547,5
08548,5
08549,7
08550,1
08551,7
08552,7
08553,6
08554,1
08555,3
08556,5
08557,6
08558,7
08559,6
08560,0
08561,1
08562,5
08563,8
08564,4
08565,5
08566,3
08567,4
08568,7
08569,2
08570,6
08571,3
08572,7
08573,0
08574,8
08575,9
08576,2
08577,8
08578,4
08579,8
08580,3
08581,0
08582,7
08583,1
08584,6
08585,3
08586,1
08587,4
08588,5
08589,1
08590,0
08591,7
08592,2
08593,3
08594,5
08595,6
08596,5
08597,0
08598,3
08599,9
08600,3
08601,7
08602,6
08603,4
08604,2
08605,2
08606,6
08607,3
08608,3
08609,9
08610,3
08611,1
08612,2
08613,2
08614,6
08615,5
08616,0
08617,1
08618,4
08619,4
08620,5
08621,9
08622,4
08623,1
08624,6
08625,8
08626,6
08627,0
08628,9
08629,7
08630,1
08631,2
08632,1
08633,1
08634,0
08635,5
08636,1
08637,2
08638,9
08639,1
08640,3
08641,1
08642,3
08643,1
08644,4
08645,2
08646,6
08647,9
08648,1
08649,0
08650,2
08651,8
08652,7
08653,7
08654,7
08655,2
08656,0
08657,8
08658,4
08659,6
08660,4
08661,5
08662,9
08663,9
08664,8
08665,2
08666,0
08667,5
08668,5
08669,6
08670,3
08671,5
08672,6
08673,1
08674,3
08675,1
08676,3
08677,9
08678,5
08679,4
08680,7
08681,4
08682,1
08683,9
08684,0
08685,4
08686,8
08687,8
08688,8
08689,4
08690,2
08691,3
08692,1
08693,3
08694,5
08695,7
08696,1
08697,2
08698,2
08699,5
08700,7
08701,0
08702,9
08703,3
08704,3
08705,0
08706,4
08707,0
08708,1
08709,2
08710,4
08711,1
08712,2
08713,1
08714,2
08715,3
08716,6
08717,3
08718,2
08719,4
08720,1
08721,3
08722,9
08723,5
08724,8
08725,5
08726,0
08727,9
08728,6
08729,8
08730,7
08731,6
08732,0
08733,7
08734,9
08735,8
08736,1
08737,5
08738,5
08739,4
08740,8
08741,6
08742,5
08743,8
08744,2
08745,4
08746,5
08747,5
08748,1
08749,1
08750,5
08751,9
08752,7
08753,1
08754,8
08755,2
08756,0
08757,1
08758,3
08759,6
08760,7
08761,1
08762,0
08763,9
08764,9
08765,8
08766,3
08767,4
08768,5
08769,9
08770,7
08771,3
08772,4
08773,4
08774,1
08775,9
08776,6
08777,0
08778,8
08779,1
08780,2
08781,2
08782,6
08783,2
08784,3
08785,7
08786,7
08787,7
08788,1
08789,5
08790,2
08791,6
08792,0
08793,1
08794,5
08795,2
08796,9
08797,9
08798,8
08799,3
08800,1
08801,5
08802,1
08803,9
08804,1
08805,3
08806,3
08807,8
08808,3
08809,2
08810,7
08811,9
08812,7
08813,0
08814,6
08815,8
08816,4
08817,5
08818,6
08819,4
08820,9
08821,2
08822,9
08823,0
08824,4
08825,8
08826,6
08827,5
08828,7
08829,7
08830,0
08831,5
08832,1
08833,5
08834,1
08835,5
08836,5
08837,6
08838,8
08839,3
08840,5
08841,5
08842,2
08843,1
08844,9
08845,8
08846,4
08847,4
08848,8
08849,5
08850,3
08851,6
08852,3
08853,2
08854,2
08855,7
08856,4
08857,2
08858,9
08859,8
08860,2
08861,2
08862,1
08863,1
08864,8
08865,2
08866,1
08867,1
08868,3
08869,8
08870,5
08871,4
08872,0
08873,0
08874,9
08875,1
08876,8
08877,2
08878,7
08879,9
08880,1
08881,8
08882,2
08883,7
08884,1
08885,4
08886,0
08887,7
08888,4
08889,9
08890,7
08891,5
08892,2
08893,1
08894,5
08895,8
08896,1
08897,3
08898,3
08899,9
08900,8
08901,2
08902,7
08903,3
08904,4
08905,7
08906,7
08907,6
08908,4
08909,1
08910,8
08911,1
08912,0
08913,0
08914,1
08915,8
08916,7
08917,8
08918,9
08919,5
08920,2
08921,0
08922,4
08923,2
08924,0
08925,7
08926,2
08927,5
08928,2
08929,5
08930,8
08931,7
08932,7
08933,4
08934,9
08935,4
08936,3
08937,5
08938,2
08939,9
08940,5
08941,8
08942,6
08943,0
08944,6
08945,2
08946,9
08947,0
08948,1
08949,1
08950,5
08951,1
08952,4
08953,2
08954,1
08955,3
08956,3
08957,6
08958,2
08959,8
08960,2
08961,5
08962,1
08963,7
08964,3
08965,5
08966,0
08967,3
08968,5
08969,8
08970,9
08971,8
08972,0
08973,1
08974,2
08975,4
08976,0
08977,1
08978,1
08979,1
08980,3
08981,0
08982,5
08983,3
08984,9
08985,1
08986,0
08987,4
08988,4
08989,0
08990,2
08991,6
08992,6
08993,5
08994,2
08995,2
08996,6
08997,0
08998,2
08999,6
09000,2
09001,7
09002,1
09003,1
09004,3
09005,8
09006,2
09007,6
09008,3
09009,1
09010,4
09011,5
09012,6
09013,4
09014,4
09015,9
09016,6
09017,6
09018,3
09019,6
09020,4
09021,0
09022,3
09023,8
09024,0
09025,9
09026,7
09027,7
09028,4
09029,6
09030,8
09031,4
09032,2
09033,2
09034,2
09035,6
09036,9
09037,7
09038,4
09039,1
09040,2
09041,5
09042,1
09043,9
09044,8
09045,4
09046,8
09047,9
09048,3
09049,6
09050,9
09051,5
09052,7
09053,7
09054,7
09055,2
09056,8
09057,5
09058,4
09059,2
09060,9
09061,3
09062,7
09063,8
09064,7
09065,6
09066,6
09067,2
09068,0
09069,6
09070,2
09071,2
09072,4
09073,7
09074,4
09075,3
09076,9
09077,9
09078,0
09079,9
09080,0
09081,1
09082,9
09083,4
09084,8
09085,0
09086,1
09087,4
09088,8
09089,1
09090,3
09091,3
09092,5
09093,0
09094,2
09095,5
09096,7
09097,2
09098,7
09099,9
09100,9
09101,6
09102,4
09103,8
09104,5
09105,8
09106,3
09107,7
09108,3
09109,5
09110,5
09111,4
09112,8
09113,2
09114,6
09115,3
09116,4
09117,0
09118,2
09119,8
09120,0
09121,2
09122,4
09123,0
09124,1
09125,2
09126,2
09127,5
09128,3
09129,4
09130,7
09131,9
09132,4
09133,1
09134,2
09135,5
09136,6
09137,0
09138,0
09139,1
09140,8
09141,3
09142,5
09143,7
09144,2
09145,0
09146,9
09147,8
09148,0
09149,8
09150,7
09151,1
09152,3
09153,4
09154,0
09155,3
09156,6
09157,1
09158,2
09159,7
09160,6
09161,7
09162,7
09163,9
09164,6
09165,8
09166,9
09167,8
09168,9
09169,4
09170,1
09171,3
09172,2
09173,2
09174,1
09175,6
09176,0
09177,5
09178,1
09179,8
09180,8
09181,0
09182,9
09183,3
09184,7
09185,8
09186,8
09187,9
09188,6
09189,0
09190,7
09191,3
09192,9
09193,4
09194,2
09195,8
09196,0
09197,9
09198,2
09199,8
09200,7
09201,8
09202,2
09203,9
09204,6
09205,7
09206,9
09207,7
09208,8
09209,7
09210,6
09211,8
09212,0
09213,0
09214,0
09215,4
09216,1
09217,7
09218,4
09219,3
09220,0
09221,9
09222,0
09223,6
09224,5
09225,6
09226,2
09227,8
09228,1
09229,2
09230,0
09231,2
09232,5
09233,2
09234,9
09235,7
09236,1
09237,0
09238,7
09239,5
09240,3
09241,2
09242,0
09243,4
09244,0
09245,0
09246,1
09247,1
09248,7
09249,5
09250,9
09251,0
09252,1
09253,4
09254,6
09255,0
09256,4
09257,0
09258,1
09259,5
09260,4
09261,5
09262,3
09263,2
09264,9
09265,7
09266,5
09267,2
09268,4
09269,6
09270,4
09271,1
09272,7
09273,6
09274,5
09275,5
09276,9
09277,3
09278,7
09279,6
09280,2
09281,8
09282,5
09283,0
09284,7
09285,7
09286,7
09287,6
09288,5
09289,0
09290,6
09291,4
09292,3
09293,3
09294,1
09295,1
09296,1
09297,8
09298,0
09299,9
09300,7
09301,2
09302,2
09303,7
09304,0
09305,5
09306,5
09307,3
09308,3
09309,8
09310,7
09311,2
09312,5
09313,0
09314,3
09315,7
09316,0
09317,6
09318,3
09319,9
09320,2
09321,7
09322,5
09323,8
09324,6
09325,6
09326,0
09327,0
09328,3
09329,8
09330,0
09331,0
09332,2
09333,7
09334,9
09335,2
09336,6
09337,5
09338,5
09339,3
09340,0
09341,9
09342,5
09343,5
09344,3
09345,3
09346,9
09347,5
09348,6
09349,9
09350,4
09351,8
09352,3
09353,3
09354,1
09355,2
09356,2
09357,5
09358,4
09359,6
09360,5
09361,6
09362,8
09363,6
09364,1
09365,7
09366,9
09367,5
09368,1
09369,5
09370,8
09371,1
09372,9
09373,1
09374,0
09375,9
09376,5
09377,7
09378,5
09379,8
09380,2
09381,0
09382,9
09383,3
09384,7
09385,3
09386,4
09387,3
09388,9
09389,1
09390,7
09391,8
09392,1
09393,9
09394,3
09395,5
09396,7
09397,3
09398,8
09399,9
09400,8
09401,1
09402,1
09403,5
09404,3
09405,8
09406,7
09407,1
09408,4
09409,7
09410,9
09411,9
09412,9
09413,3
09414,4
09415,2
09416,4
09417,5
09418,7
09419,0
09420,1
09421,1
09422,2
09423,1
09424,9
09425,8
09426,6
09427,8
09428,3
09429,7
09430,9
09431,2
09432,7
09433,4
09434,6
09435,6
09436,1
09437,7
09438,1
09439,9
09440,1
09441,0
09442,0
09443,4
09444,3
09445,0
09446,6
09447,9
09448,0
09449,9
09450,9
09451,4
09452,0
09453,4
09454,9
09455,1
09456,7
09457,3
09458,2
09459,4
09460,6
09461,3
09462,3
09463,7
09464,1
09465,5
09466,0
09467,0
09468,3
09469,0
09470,0
09471,7
09472,4
09473,3
09474,2
09475,1
09476,2
09477,3
09478,3
09479,1
09480,6
09481,8
09482,2
09483,0
09484,2
09485,2
09486,3
09487,6
09488,8
09489,9
09490,6
09491,1
09492,5
09493,0
09494,1
09495,1
09496,1
09497,3
09498,7
09499,6
09500,5
09501,7
09502,5
09503,2
09504,6
09505,0
09506,5
09507,1
09508,7
09509,4
09510,0
09511,0
09512,4
09513,3
09514,2
09515,2
09516,4
09517,2
09518,9
09519,6
09520,8
09521,9
09522,5
09523,9
09524,0
09525,6
09526,9
09527,7
09528,7
09529,5
09530,6
09531,0
09532,4
09533,0
09534,1
09535,0
09536,2
09537,8
09538,1
09539,6
09540,8
09541,5
09542,7
09543,7
09544,5
09545,2
09546,8
09547,7
09548,7
09549,0
09550,3
09551,8
09552,8
09553,9
09554,5
09555,9
09556,6
09557,8
09558,2
09559,1
09560,9
09561,3
09562,0
09563,8
09564,3
09565,2
09566,4
09567,9
09568,3
09569,3
09570,9
09571,6
09572,9
09573,2
09574,5
09575,9
09576,8
09577,9
09578,5
09579,9
09580,1
09581,2
09582,0
09583,4
09584,3
09585,5
09586,8
09587,1
09588,5
09589,3
09590,6
09591,6
09592,2
09593,6
09594,3
09595,8
09596,9
09597,2
09598,9
09599,2
09600,9
09601,9
09602,5
09603,9
09604,5
09605,7
09606,8
09607,6
09608,2
09609,4
09610,9
09611,2
09612,3
09613,8
09614,6
09615,8
09616,2
09617,3
09618,3
09619,9
09620,5
09621,7
09622,8
09623,5
09624,5
09625,1
09626,2
09627,7
09628,9
09629,6
09630,3
09631,2
09632,3
09633,8
09634,7
09635,9
09636,8
09637,6
09638,1
09639,0
09640,2
09641,9
09642,5
09643,1
09644,0
09645,7
09646,4
09647,2
09648,0
09649,6
09650,9
09651,3
09652,9
09653,3
09654,7
09655,3
09656,5
09657,3
09658,6
09659,2
09660,2
09661,4
09662,2
09663,3
09664,4
09665,1
09666,1
09667,8
09668,0
09669,7
09670,7
09671,2
09672,7
09673,8
09674,0
09675,6
09676,9
09677,4
09678,1
09679,3
09680,9
09681,0
09682,0
09683,2
09684,2
09685,9
09686,6
09687,5
09688,5
09689,4
09690,8
09691,4
09692,8
09693,1
09694,8
09695,4
09696,6
09697,6
09698,0
09699,4
09700,0
09701,0
09702,7
09703,4
09704,7
09705,9
09706,8
09707,7
09708,1
09709,5
09710,9
09711,9
09712,7
09713,9
09714,6
09715,1
09716,3
09717,2
09718,9
09719,1
09720,3
09721,0
09722,9
09723,5
09724,1
09725,7
09726,0
09727,8
09728,6
09729,7
09730,6
09731,3
09732,1
09733,6
09734,9
09735,5
09736,9
09737,6
09738,5
09739,2
09740,0
09741,6
09742,1
09743,1
09744,8
09745,3
09746,1
09747,5
09748,6
09749,1
09750,8
09751,5
09752,7
09753,8
09754,6
09755,9
09756,6
09757,3
09758,0
09759,2
09760,5
09761,2
09762,6
09763,0
09764,9
09765,9
09766,8
09767,9
09768,4
09769,4
09770,5
09771,0
09772,0
09773,6
09774,7
09775,9
09776,0
09777,4
09778,2
09779,8
09780,3
09781,9
09782,4
09783,2
09784,2
09785,8
09786,4
09787,3
09788,6
09789,7
09790,9
09791,7
09792,4
09793,6
09794,0
09795,0
09796,7
09797,3
09798,9
09799,9
09800,3
09801,8
09802,7
09803,1
09804,9
09805,9
09806,0
09807,7
09808,6
09809,7
09810,5
09811,6
09812,9
09813,0
09814,9
09815,0
09816,4
09817,5
09818,6
09819,9
09820,9
09821,8
09822,8
09823,6
09824,2
09825,4
09826,5
09827,3
09828,7
09829,2
09830,1
09831,8
09832,5
09833,0
09834,7
09835,0
09836,7
09837,1
09838,1
09839,4
09840,5
09841,6
09842,2
09843,0
09844,2
09845,0
09846,0
09847,4
09848,6
09849,8
09850,0
09851,2
09852,6
09853,9
09854,9
09855,8
09856,4
09857,8
09858,4
09859,3
09860,3
09861,3
09862,5
09863,9
09864,8
09865,9
09866,4
09867,7
09868,6
09869,2
09870,1
09871,9
09872,9
09873,1
09874,3
09875,9
09876,4
09877,6
09878,9
09879,7
09880,1
09881,1
09882,8
09883,6
09884,7
09885,9
09886,4
09887,7
09888,5
09889,1
09890,1
09891,1
09892,6
09893,8
09894,7
09895,3
09896,6
09897,5
09898,8
09899,3
09900,7
09901,2
09902,1
09903,4
09904,9
09905,5
09906,0
09907,7
09908,7
09909,8
09910,9
09911,2
09912,5
09913,2
09914,9
09915,0
09916,2
09917,5
09918,6
09919,9
09920,8
09921,6
09922,4
09923,1
09924,1
09925,2
09926,2
09927,7
09928,5
09929,5
09930,3
09931,0
09932,3
09933,5
09934,5
09935,6
09936,6
09937,8
09938,8
09939,6
09940,4
09941,8
09942,0
09943,6
09944,1
09945,5
09946,8
09947,5
09948,5
09949,1
09950,3
09951,1
09952,0
09953,6
09954,0
09955,4
09956,4
09957,3
09958,6
09959,6
09960,6
09961,9
09962,7
09963,2
09964,6
09965,5
09966,4
09967,0
09968,1
09969,0
09970,2
09971,0
09972,1
09973,5
09974,7
09975,9
09976,2
09977,6
09978,6
09979,0
09980,9
09981,7
09982,1
09983,2
09984,7
09985,2
09986,1
09987,5
09988,9
09989,3
09990,2
09991,9
09992,2
09993,3
09994,2
09995,7
09996,0
09997,2
09998,3
09999,1
